序号,所属平台,订单号,下单用户,规格,总金额,运费,快递单号,快递公司
"	1","	微信","	20230404155054223880","	天空不可话语","	规格：默认，",434.00,,"	","	"
"	2","	微信","	20230404155054223880","	天空不可话语","	套餐：观光塔+防尘罩，",434.00,,"	","	"
"	3","	微信","	20230404155054223880","	天空不可话语","	套餐：（一套子母包15.6）），",434.00,,"	","	"
"	4","	微信","	20230404155054223880","	天空不可话语","	套餐：主楼+防尘罩，",434.00,,"	","	"
"	5","	微信","	20230404141922303591","	无敌暴龙战士","	规格：默认，",1244.00,0.00,"	","	"
"	6","	微信","	20230404141922303591","	无敌暴龙战士","	规格：单色光，USB供电，",1244.00,0.00,"	","	"
"	7","	微信","	20230404141922303591","	无敌暴龙战士","	规格：明信片套装，",1244.00,0.00,"	","	"
"	8","	微信","	20230404141922303591","	无敌暴龙战士","	规格：默认，",1244.00,0.00,"	","	"
"	9","	微信","	20230404141922303591","	无敌暴龙战士","	远望谷：未拼好，",1244.00,0.00,"	","	"
"	10","	微信","	20230404141922303591","	无敌暴龙战士","	内存：32G，接口：2.0，",1244.00,0.00,"	","	"
"	11","	微信","	20230404141700965218","	无敌暴龙战士","	内存：32G，接口：2.0，",480.00,0.00,"	","	"
"	12","	微信","	20230404141554243061","	无敌暴龙战士","	规格：默认，",350.00,0.00,"	","	"
"	13","	微信","	20230404141529922795","	无敌暴龙战士","	颜色：浅灰，",360.00,0.00,"	","	"
"	14","	微信","	20230404141447638144","	无敌暴龙战士","	规格：默认，",576.00,0.00,"	","	"
"	15","	微信","	20230404141414318858","	无敌暴龙战士","	颜色：浅灰，",703.00,0.00,"	","	"
"	16","	微信","	20230404141312956566","	无敌暴龙战士","	规格：默认，",250.00,0.00,"	","	"
"	17","	微信","	20230404141238689122","	无敌暴龙战士","	型号：西电，",250.00,0.00,"	","	"
"	18","	微信","	20230404000713965834","	一黎将军","	规格：默认，",194.00,0.00,"	","	"
"	19","	微信","	20230404000713965834","	一黎将军","	套餐：观光塔+防尘罩，",194.00,0.00,"	","	"
"	20","	微信","	20230403182806529232","	汪汪队摸大鱼","	套餐：主楼+防尘罩，",318.00,,"	","	"
"	21","	微信","	20230403181121393351","	汪汪队摸大鱼","	套餐：主楼+防尘罩，",318.00,0.00,"	","	"
"	22","	微信","	20230402143857891589","	柒","	远望谷：未拼好，",187.00,,"	","	"
"	23","	微信","	20230402143857891589","	柒","	规格：默认，",187.00,,"	","	"
"	24","	微信","	20230401074727778032","	任沁","	规格：明信片套装，",59.00,10.00,"	","	"
"	25","	微信","	20230401074727778032","	任沁","	规格：默认，",59.00,10.00,"	","	"
"	26","	微信","	20230331144933679281","	NGC2237","	规格：默认，",2304.00,,"	","	"
"	27","	微信","	20230328162219730492","	Grade Billion","	颜色：灰色，",8.00,,"	","	"
"	28","	微信","	20230327204601315982","	柒","	规格：默认，",472.00,,"	","	"
"	29","	微信","	20230327204601315982","	柒","	束口包：420D，",472.00,,"	","	"
"	30","	微信","	20230327204601315982","	柒","	规格：默认，",472.00,,"	","	"
"	31","	微信","	20230327204601315982","	柒","	颜色：灰色，",472.00,,"	","	"
"	32","	微信","	20230327122630677393","	杨晨东","	套餐：主楼+防尘罩，",159.00,0.00,"	","	"
"	33","	微信","	20230325174656562967","	蛤","	规格：明信片套装，",12.00,,"	","	"
"	34","	微信","	20230325174612639871","	蛤","	规格：默认，",48.00,,"	","	"
"	35","	微信","	20230324192451391211","	塬塬鸽","	规格：默认，",48.00,,"	","	"
"	36","	微信","	20230324185725889474","	Tom Bombadil","	款式：24节气新款（24张），",120.00,,"	","	"
"	37","	微信","	20230324185646364381","	Tom Bombadil","	内存：32G，接口：2.0，",240.00,,"	","	"
"	38","	微信","	20230324185314722907","	Tom Bombadil","	颜色：黄色，数量：一个，",240.00,,"	","	"
"	39","	微信","	20230324173127842490","	小狗恋桃.","	规格：默认，",144.00,,"	","	"
"	40","	微信","	20230324173108313984","	小狗恋桃.","	内存：32G，接口：2.0，",144.00,,"	","	"
"	41","	微信","	20230324172947420070","	小狗恋桃.","	套餐：（一套子母包15.6）），",144.00,,"	","	"
"	42","	微信","	20230324170355439453","	柒","	规格：单色光，USB供电，",1850.00,,"	","	"
"	43","	微信","	20230324170355439453","	柒","	束口包：420D，",1850.00,,"	","	"
"	44","	微信","	20230324170355439453","	柒","	主雕塑积木：未拼好，",1850.00,,"	","	"
"	45","	微信","	20230324170355439453","	柒","	远望谷：未拼好，",1850.00,,"	","	"
"	46","	微信","	20230324170355439453","	柒","	内存：32G，接口：2.0，",1850.00,,"	","	"
"	47","	微信","	20230324170355439453","	柒","	套餐：主楼+防尘罩，",1850.00,,"	","	"
"	48","	微信","	20230324145047578271","	流星","	规格：默认，",48.00,,"	","	"
"	49","	微信","	20230323131147295431","	总之先找个时光机","	规格：f事僖猓",883.20,,"	","	"
"	50","	微信","	20230323122203957213","	i","	规格：默认，",48.00,,"	","	"
"	51","	微信","	20230323122148414990","	(?ì _ í?)","	规格：默认，",48.00,,"	","	"
"	52","	微信","	20230322202338634025","	空白","	规格：单色光，USB供电，",138.00,,"	","	"
"	53","	微信","	20230322201752149199","	呆毛","	内存：32G，接口：2.0，",48.00,,"	","	"
"	54","	微信","	20230322001544737371","	Lazarus","	规格：默认，",48.00,,"	","	"
"	55","	微信","	20230320213719224427","	NGC2237","	束口包：420D，",16.00,,"	","	"
"	56","	微信","	20230320213646751200","	NGC2237","	型号：西电，",25.00,,"	","	"
"	57","	微信","	20230320213621815502","	NGC2237","	规格：默认，",20.00,,"	","	"
"	58","	微信","	20230320213546580447","	NGC2237","	规格：默认，",8.00,,"	","	"
"	59","	微信","	20230320213518389974","	NGC2237","	颜色：浅灰，",38.00,,"	","	"
"	60","	微信","	20230320213440966568","	NGC2237","	颜色：浅灰，",24.00,,"	","	"
"	61","	微信","	20230320213333517787","	NGC2237","	套餐：（一套子母包15.6）），",192.00,,"	","	"
"	62","	微信","	20230317145234653042","	Besober","	规格：默认，",48.00,,"	","	"
"	63","	微信","	20230316154818190602","	SOS","	规格：默认，",24.00,,"	","	"
"	64","	微信","	20230315012623470090","	意有所极","	主雕塑积木：未拼好，",109.00,0.00,"	","	"
"	65","	微信","	20230313231513728623","	i","	规格：默认，",960.00,,"	","	"
"	66","	微信","	20230313231513728623","	i","	内存：32G，接口：2.0，",960.00,,"	","	"
"	67","	微信","	20230310230210994459","	Rachel","	主雕塑积木：未拼好，",109.00,,"	","	"
"	68","	微信","	20230307110338411918","	柒","	规格：默认，",20.00,,"	","	"
"	69","	微信","	20230228111447217549","	贪吃爱睡","	规格：默认，",334.00,0.00,"	","	"
"	70","	微信","	20230228111447217549","	贪吃爱睡","	套餐：主楼+防尘罩，",334.00,0.00,"	","	"
"	71","	微信","	20221214100606537332","	一","	规格：默认，",6969.00,,"	","	"
"	72","	微信","	20221214100606537332","	一","	主雕塑积木：未拼好，",6969.00,,"	","	"
"	73","	微信","	20221214100606537332","	一","	远望谷：未拼好，",6969.00,,"	","	"
"	74","	微信","	20221214100606537332","	一","	套餐：观光塔，",6969.00,,"	","	"
"	75","	微信","	20221213160105329086","	总之先找个时光机","	主雕塑积木：未拼好，",516.00,,"	","	"
"	76","	微信","	20221213160105329086","	总之先找个时光机","	远望谷：未拼好，",516.00,,"	","	"
"	77","	微信","	20221213160105329086","	总之先找个时光机","	套餐：主楼+防尘罩，",516.00,,"	","	"
"	78","	微信","	20221212161412396658","	小孩儿","	套餐：观光塔+防尘罩，",183.00,0.00,"	","	"
"	79","	微信","	20221212161412396658","	小孩儿","	类型：竖版（XDU），",183.00,0.00,"	","	"
"	80","	微信","	20221210175505401893","	i","	规格：默认，",131.00,,"	","	"
"	81","	微信","	20221210175505401893","	i","	颜色：红色，",131.00,,"	","	"
"	82","	微信","	20221210175505401893","	i","	颜色：黑色，",131.00,,"	","	"
"	83","	微信","	20221210175505401893","	i","	颜色：绿色，",131.00,,"	","	"
"	84","	微信","	20221210175505401893","	i","	颜色：蓝色，",131.00,,"	","	"
"	85","	微信","	20221210175505401893","	i","	颜色：黄色，",131.00,,"	","	"
"	86","	微信","	20221210175505401893","	i","	束口包：420D，",131.00,,"	","	"
"	87","	微信","	20221206161255863701","	无敌暴龙战士","	尺码：9*28*31.2，",34.99,,"	","	"
"	88","	微信","	20221206161240874036","	无敌暴龙战士","	套餐：（一套子母包15.6）），",48.00,,"	","	"
"	89","	微信","	20221206161223383496","	无敌暴龙战士","	规格：默认，",24.00,,"	","	"
"	90","	微信","	20221206161203619707","	无敌暴龙战士","	规格：随机，",19.20,,"	","	"
"	91","	微信","	20221206112941138981","	流星","	规格：随机，",19.20,,"	","	"
"	92","	微信","	20221206112718604538","	流星","	规格：默认，",5.00,,"	","	"
"	93","	微信","	20221206105445777630","	流星","	束口包：420D，",16.00,,"	","	"
"	94","	微信","	20221206105222180948","	流星","	款式：24节气新款（24张），",24.00,,"	","	"
"	95","	微信","	20221206105113158536","	流星","	规格：随机，",19.20,,"	","	"
"	96","	微信","	20221205234108525410","	总之先找个时光机","	颜色：黄色，数量：一个，",160.00,,"	","	"
"	97","	微信","	20221205234108525410","	总之先找个时光机","	颜色：红色，",160.00,,"	","	"
"	98","	微信","	20221205234108525410","	总之先找个时光机","	颜色：黑色，",160.00,,"	","	"
"	99","	微信","	20221205234108525410","	总之先找个时光机","	颜色：绿色，",160.00,,"	","	"
"	100","	微信","	20221205234108525410","	总之先找个时光机","	颜色：蓝色，",160.00,,"	","	"
"	101","	微信","	20221205234108525410","	总之先找个时光机","	颜色：黄色，",160.00,,"	","	"
"	102","	微信","	20221205234108525410","	总之先找个时光机","	仅支持自提（勿拍）：黑色（磁吸），",160.00,,"	","	"
"	103","	微信","	20221205234108525410","	总之先找个时光机","	束口包：420D，",160.00,,"	","	"
"	104","	微信","	20221205233825605432","	总之先找个时光机","	规格：默认，",160.00,,"	","	"
"	105","	微信","	20221203154521961092","	.","	规格：默认，",288.80,0.00,"	","	"
"	106","	微信","	20221203154521961092","	.","	规格：随机，",288.80,0.00,"	","	"
"	107","	微信","	20221203154521961092","	.","	规格：默认，",288.80,0.00,"	","	"
"	108","	微信","	20221203154521961092","	.","	类型：竖版（XDU），",288.80,0.00,"	","	"
"	109","	微信","	20221201180059561077","	白马非马？","	规格：默认，",580.00,,"	","	"
"	110","	微信","	20221201172452883475","	总之先找个时光机","	规格：单色光，USB供电，",1357.00,,"	","	"
"	111","	微信","	20221130211900578927","	柒","	规格：默认，",865.00,,"	","	"
"	112","	微信","	20221130211900578927","	柒","	规格：单色光，USB供电，",865.00,,"	","	"
"	113","	微信","	20221130211900578927","	柒","	规格：默认，",865.00,,"	","	"
"	114","	微信","	20221130211626928719","	柒","	主雕塑积木：未拼好，",288.00,,"	","	"
"	115","	微信","	20221130211626928719","	柒","	主雕塑积木：防尘罩（不含积木），",288.00,,"	","	"
"	116","	微信","	20221130211626928719","	柒","	套餐：主楼+防尘罩，",288.00,,"	","	"
"	117","	微信","	20221130145347757117","	(?ì _ í?)","	内存：32G，接口：2.0，",48.00,,"	","	"
"	118","	微信","	20221125164952598478","	无敌暴龙战士","	规格：默认，",24.00,,"	","	"
"	119","	微信","	20221125114852853430","	总之先找个时光机","	类型：竖版（XDU），",120.00,,"	","	"
"	120","	微信","	20221125112238689855","	HepaticojejunostomY","	规格：默认，",540.00,,"	","	"
"	121","	微信","	20221125112219528806","	HepaticojejunostomY","	规格：默认，",600.00,,"	","	"
"	122","	微信","	20221125112201253168","	HepaticojejunostomY","	规格：默认，",455.00,,"	","	"
"	123","	微信","	20221124160243367628","	陈","	规格：默认，",56.20,,"	","	"
"	124","	微信","	20221124160243367628","	陈","	规格：随机，",56.20,,"	","	"
"	125","	微信","	20221124160243367628","	陈","	规格：默认，",56.20,,"	","	"
"	126","	微信","	20221122191900393962","	i","	规格：默认，",53.00,8.00,"	","	"
"	127","	微信","	20221122153020921562","	Lyk?","	规格：单色光，USB供电，",690.00,,"	","	"
"	128","	微信","	20221121192301465164","	天天哇哈哈","	类型：黑色版，",24.00,,"	","	"
"	129","	微信","	20221121174620165630","	Lyk?","	主雕塑积木：未拼好，",872.00,,"	","	"
"	130","	微信","	20221119130754383321","	糖酥","	规格：默认，",5.00,,"	","	"
"	131","	微信","	20221119115234462324","	koumu","	规格：默认，",172.80,,"	","	"
"	132","	微信","	20221119115234462324","	koumu","	规格：随机，",172.80,,"	","	"
"	133","	微信","	20221118171507163034","	koumu","	规格：默认，",224.00,,"	","	"
"	134","	微信","	20221118171507163034","	koumu","	规格：默认，",224.00,,"	","	"
"	135","	微信","	20221118171507163034","	koumu","	规格：单色光，USB供电，",224.00,,"	","	"
"	136","	微信","	20221118171507163034","	koumu","	规格：默认，",224.00,,"	","	"
"	137","	微信","	20221118171507163034","	koumu","	规格：默认，",224.00,,"	","	"
"	138","	微信","	20221118171250702839","	koumu","	规格：明信片套装，",24.00,,"	","	"
"	139","	微信","	20221118161032152783","	一","	规格：默认，",8.00,,"	","	"
"	140","	微信","	20221118155458223277","	塬塬鸽","	规格：默认，",40.00,,"	","	"
"	141","	微信","	20221118155458223277","	塬塬鸽","	规格：默认，",40.00,,"	","	"
"	142","	微信","	20221117171548474585","	散木","	规格：随机，",19.20,,"	","	"
"	143","	微信","	20221117170232692707","	(?ì _ í?)","	规格：默认，",24.00,,"	","	"
"	144","	微信","	20221117164857190542","	小矮人","	内存：32G，接口：2.0，",48.00,,"	","	"
"	145","	微信","	20221117155033210809","	白马非马？","	规格：默认，",24.00,,"	","	"
"	146","	微信","	20221117093606629028","	Godot","	规格：随机，",19.20,,"	","	"
"	147","	微信","	20221116233942775958","	小嘟与小喷","	规格：默认，",40.00,8.00,"	","	"
"	148","	微信","	20221116233942775958","	小嘟与小喷","	束口包：420D，",40.00,8.00,"	","	"
"	149","	微信","	20221116222724816881","	张轩","	仅支持自提（勿拍）：黑色（磁吸），",24.00,8.00,"	","	"
"	150","	微信","	20221116213114110199","	柒","	规格：默认，",5.00,,"	","	"
"	151","	微信","	20221116213006398507","	柒","	规格：默认，",24.00,,"	","	"
"	152","	微信","	20221116155904465026","	总之先找个时光机","	类型：竖版（XDU），",600.00,,"	","	"
"	153","	微信","	20221115194345112089","	子曰","	规格：单色光，USB供电，",36.00,13.00,"	78635078462395","	中通快递"
"	154","	微信","	20221115160311297747","	汪汪队摸大鱼","	规格：默认，",15.00,,"	","	"
"	155","	微信","	20221115160152430439","	汪汪队摸大鱼","	规格：明信片套装，",12.00,,"	","	"
"	156","	微信","	20221115160121557780","	汪汪队摸大鱼","	规格：默认，",5.00,,"	","	"
"	1","	微信","	20221115160053228931","	汪汪队摸大鱼","	仅支持自提（勿拍）：黑色（磁吸），",16.00,,"	","	"
"	2","	微信","	20221115155918621886","	汪汪队摸大鱼","	束口包：420D，",16.00,,"	","	"
"	3","	微信","	20221115155810902710","	汪汪队摸大鱼","	主雕塑积木：未拼好，",109.00,,"	","	"
"	4","	微信","	20221115155739925911","	玉兔摘星","	类型：竖版（XDU），",120.00,,"	","	"
"	5","	微信","	20221115155708626035","	汪汪队摸大鱼","	套餐：西电主楼，",139.00,,"	","	"
"	6","	微信","	20221111144528750521","	Chocolator","	套餐：观光塔，",278.00,0.00,"	78635109829607","	中通快递"
"	7","	微信","	20221111144528750521","	Chocolator","	套餐：西电主楼，",278.00,0.00,"	78635109829607","	中通快递"
"	8","	微信","	20221110232652251671","	blur","	规格：默认，",53.00,8.00,"	78635110836663","	中通快递"
"	9","	微信","	20221110232652251671","	blur","	规格：默认，",53.00,8.00,"	78635110836663","	中通快递"
"	10","	微信","	20221110232652251671","	blur","	仅支持自提（勿拍）：黑色（磁吸），",53.00,8.00,"	78635110836663","	中通快递"
"	11","	微信","	20221110172120449376","	(?ì _ í?)","	规格：单色光，USB供电，",115.00,,"	","	"
"	12","	微信","	20221110165759423364","	陈","	远望谷：未拼好，",278.00,,"	","	"
"	13","	微信","	20221110165759423364","	陈","	套餐：西电主楼，",278.00,,"	","	"
"	14","	微信","	20221108122557422210","	Lyk?","	规格：默认，",175.00,,"	","	"
"	15","	微信","	20221104143752417561","	崔浩东","	类型：竖版（XDU），",240.00,,"	","	"
"	16","	微信","	20221104132422543117","	汪汪队摸大鱼","	颜色：红色，尺码：2XL，",98.00,,"	","	"
"	17","	微信","	20221104132352121207","	汪汪队摸大鱼","	尺码：XL，颜色：红色，",294.00,,"	","	"
"	18","	微信","	20221103192524594067","	(?ì _ í?)","	规格：默认，",24.00,,"	","	"
"	19","	微信","	20221103190834964718","	速写平淡?","	主雕塑积木：防尘罩（不含积木），",20.00,,"	","	"
"	20","	微信","	20221103175630722370","	速写平淡?","	主雕塑积木：防尘罩（不含积木），",129.00,,"	","	"
"	21","	微信","	20221103175630722370","	速写平淡?","	主雕塑积木：未拼好，",129.00,,"	","	"
"	22","	微信","	20221102211814339476","	柒","	主雕塑积木：未拼好，",447.00,,"	","	"
"	23","	微信","	20221102211814339476","	柒","	主雕塑积木：防尘罩（不含积木），",447.00,,"	","	"
"	24","	微信","	20221102211814339476","	柒","	套餐：观光塔+防尘罩，",447.00,,"	","	"
"	25","	微信","	20221102211814339476","	柒","	套餐：主楼+防尘罩，",447.00,,"	","	"
"	26","	微信","	20221101144636899273","	总之先找个时光机","	书包：红蓝拼色，",176.00,,"	","	"
"	27","	微信","	20221101133606922801","	总之先找个时光机","	规格：单色光，USB供电，",391.00,,"	","	"
"	28","	微信","	20221031214322641303","	","	规格：随机，",19.20,,"	","	"
"	29","	微信","	20221031110520985539","	humanities","	内存：32G，接口：2.0，",61.00,13.00,"	78629283299511","	中通快递"
"	30","	微信","	20221029130259205460","	柳紫建","	规格：默认，",60.00,13.00,"	78630764221764","	中通快递"
"	31","	微信","	20221029130259205460","	柳紫建","	规格：单色光，USB供电，",60.00,13.00,"	78630764221764","	中通快递"
"	32","	微信","	20221028164103473416","	","	规格：单色光，USB供电，",46.00,,"	","	"
"	33","	微信","	20221028155941509833","	(?ì _ í?)","	规格：默认，",180.00,,"	","	"
"	34","	微信","	20221028155720167593","	AAA西安电子科技大学海七宿管大爷","	规格：明信片套装，",12.00,,"	","	"
"	35","	微信","	20221028153001450639","	CIXDIN","	规格：默认，",20.00,,"	","	"
"	36","	微信","	20221028153001450639","	CIXDIN","	规格：默认，",20.00,,"	","	"
"	37","	微信","	20221028143430724231","	蛤","	规格：默认，",24.00,,"	","	"
"	38","	微信","	20221028143411278763","	蛤","	规格：明信片套装，",12.00,,"	","	"
"	39","	微信","	20221027173639243544","	李子园","	尺码：XL，颜色：红色，",3091.00,,"	","	"
"	40","	微信","	20221027173639243544","	李子园","	束口包：420D，",3091.00,,"	","	"
"	41","	微信","	20221027173639243544","	李子园","	书包：纯红色，",3091.00,,"	","	"
"	42","	微信","	20221027173639243544","	李子园","	套餐：观光塔，",3091.00,,"	","	"
"	43","	微信","	20221027173639243544","	李子园","	内存：32G，接口：2.0，",3091.00,,"	","	"
"	44","	微信","	20221027173524437600","	HepaticojejunostomY","	款式：24节气新款（24张），",48.00,,"	","	"
"	45","	微信","	20221026200840863418","	天天哇哈哈","	束口包：420D，",104.00,,"	","	"
"	46","	微信","	20221026200840863418","	天天哇哈哈","	书包：纯红色，",104.00,,"	","	"
"	47","	微信","	20221026192640834656","	蛤","	仅支持自提（勿拍）：黑色（蝴蝶扣），",800.00,,"	","	"
"	48","	微信","	20221026111457374451","	Lyk?","	款式：24节气新款（24张），",24.00,,"	","	"
"	49","	微信","	20221025144818523672","	山楂面包","	款式：24节气新款（24张），",24.00,,"	","	"
"	50","	微信","	20221024195511923814","	Besober","	规格：随机，",38.40,,"	","	"
"	51","	微信","	20221024155928170628","	Lancen","	束口包：420D，",16.00,,"	","	"
"	52","	微信","	20221024153925165690","	流星","	类型：黑色版，",24.00,,"	","	"
"	53","	微信","	20221024153901809328","	流星","	型号：西电，",5.00,,"	","	"
"	54","	微信","	20221024153830928866","	流星","	规格：默认，",15.00,,"	","	"
"	55","	微信","	20221024153746349156","	流星","	套餐：西电主楼，",139.00,,"	","	"
"	56","	微信","	20221024153654592372","	流星","	规格：随机，",19.20,,"	","	"
"	57","	微信","	20221024083233875443","	Yannie","	规格：默认，",45.00,13.00,"	78626752740825","	中通快递"
"	58","	微信","	20221024083233875443","	Yannie","	类型：黑色版，",45.00,13.00,"	78626752740825","	中通快递"
"	59","	微信","	20221023221142209601","	不打出成绩不改名","	主雕塑积木：未拼好，",248.00,0.00,"	78626750632160","	中通快递"
"	60","	微信","	20221023221142209601","	不打出成绩不改名","	套餐：西电主楼，",248.00,0.00,"	78626750632160","	中通快递"
"	61","	微信","	20221023140942581864","	逸清","	套餐：观光塔，",139.00,0.00,"	78627049701228","	中通快递"
"	62","	微信","	20221023140638456978","	逸清","	规格：默认，",72.00,,"	","	"
"	63","	微信","	20221022075329464678","	江之行","	套餐：观光塔，",139.00,0.00,"	78626752280053","	中通快递"
"	64","	微信","	20221021191528681829","	糖水儿","	规格：默认，",75.00,0.00,"	","	"
"	65","	微信","	20221021133250424486","	i","	型号：西电，",175.00,0.00,"	","	"
"	66","	微信","	20221021132934471348","	i","	规格：单色光，USB供电，",575.00,0.00,"	","	"
"	67","	微信","	20221021132906399738","	i","	规格：默认，",250.00,0.00,"	","	"
"	68","	微信","	20221013161109830788","	今夜无月亮","	规格：明信片套装，",12.00,,"	","	"
"	69","	微信","	20220906190409976249","	波西王几","	规格：默认，",28.00,13.00,"	78613322347991","	中通快递"
"	70","	微信","	20220906190311925935","	波西王几","	规格：默认，",60.00,0.00,"	78613322184307","	中通快递"
"	71","	微信","	20220612172157579039","	Y not","	规格：默认，",86.00,0.00,"	","	"
"	72","	微信","	20220612172157579039","	Y not","	规格：单色光，USB供电，",86.00,0.00,"	","	"
"	73","	微信","	20220612172157579039","	Y not","	规格：默认，",86.00,0.00,"	","	"
"	74","	微信","	20220612111307272041","	秦文静","	规格：随机，",696.80,0.00,"	","	"
"	75","	微信","	20220612111307272041","	秦文静","	仅支持自提（勿拍）：黑色（蝴蝶扣），",696.80,0.00,"	","	"
"	76","	微信","	20220612111307272041","	秦文静","	套餐：西电主楼，",696.80,0.00,"	","	"
"	77","	微信","	20220611095331209482","	佩佩","	规格：默认，",53.00,8.00,"	","	"
"	78","	微信","	20220611095331209482","	佩佩","	规格：默认，",53.00,8.00,"	","	"
"	79","	微信","	20220610192637344389","	总之先找个时光机","	规格：单色光，USB供电，",23.00,,"	","	"
"	80","	微信","	20220610123401601997","	日暮途远  、","	套餐：（一套子母包15.6）），",929.94,0.00,"	75887413947967","	中通快递"
"	81","	微信","	20220610123401601997","	日暮途远  、","	颜色：浅灰，",929.94,0.00,"	75887413947967","	中通快递"
"	82","	微信","	20220610123401601997","	日暮途远  、","	颜色：浅灰，",929.94,0.00,"	75887413947967","	中通快递"
"	83","	微信","	20220610123401601997","	日暮途远  、","	规格：默认，",929.94,0.00,"	75887413947967","	中通快递"
"	84","	微信","	20220610123401601997","	日暮途远  、","	颜色：黄色，数量：一个，",929.94,0.00,"	75887413947967","	中通快递"
"	85","	微信","	20220610123401601997","	日暮途远  、","	尺码：9*28*31.2，",929.94,0.00,"	75887413947967","	中通快递"
"	86","	微信","	20220610123401601997","	日暮途远  、","	规格：单色光，USB供电，",929.94,0.00,"	75887413947967","	中通快递"
"	87","	微信","	20220610123401601997","	日暮途远  、","	类型：竖版（XDU），",929.94,0.00,"	75887413947967","	中通快递"
"	88","	微信","	20220610123401601997","	日暮途远  、","	类型：黑色版，",929.94,0.00,"	75887413947967","	中通快递"
"	89","	微信","	20220610123401601997","	日暮途远  、","	型号：西电，",929.94,0.00,"	75887413947967","	中通快递"
"	90","	微信","	20220610123401601997","	日暮途远  、","	型号：桃李，",929.94,0.00,"	75887413947967","	中通快递"
"	91","	微信","	20220610123401601997","	日暮途远  、","	型号：小将，",929.94,0.00,"	75887413947967","	中通快递"
"	92","	微信","	20220609183437506513","	老豆","	类型：竖版（XDU），",32.00,8.00,"	","	"
"	93","	微信","	20220608110456439092","	姬^","	规格：单色光，USB供电，",23.00,,"	","	"
"	94","	微信","	20220607170016183579","	李子园","	规格：单色光，USB供电，",222.00,,"	","	"
"	95","	微信","	20220607170016183579","	李子园","	规格：默认，",222.00,,"	","	"
"	96","	微信","	20220607170016183579","	李子园","	套餐：观光塔，",222.00,,"	","	"
"	97","	微信","	20220606153632404484","	十月°如也","	规格：随机，",1244.55,,"	","	"
"	98","	微信","	20220606153632404484","	十月°如也","	规格：默认，",1244.55,,"	","	"
"	99","	微信","	20220606153632404484","	十月°如也","	主雕塑积木：未拼好，",1244.55,,"	","	"
"	100","	微信","	20220606153632404484","	十月°如也","	远望谷：未拼好，",1244.55,,"	","	"
"	101","	微信","	20220606153632404484","	十月°如也","	规格：默认，",1244.55,,"	","	"
"	102","	微信","	20220606153632404484","	十月°如也","	套餐：观光塔，",1244.55,,"	","	"
"	103","	微信","	20220606153632404484","	十月°如也","	尺码：9*28*31.2，",1244.55,,"	","	"
"	104","	微信","	20220606153632404484","	十月°如也","	套餐：西电主楼，",1244.55,,"	","	"
"	105","	微信","	20220606153349514608","	蛤","	颜色：黄色，数量：一个，",72.00,,"	","	"
"	106","	微信","	20220606153243377426","	蛤","	规格：默认，",88.00,,"	","	"
"	107","	微信","	20220606153155266723","	蛤","	内存：32G，接口：2.0，",144.00,,"	","	"
"	108","	微信","	20220606151322302636","	王冬阳","	规格：默认，",57.00,,"	","	"
"	109","	微信","	20220606151322302636","	王冬阳","	规格：单色光，USB供电，",57.00,,"	","	"
"	110","	微信","	20220606151322302636","	王冬阳","	类型：竖版（XDU），",57.00,,"	","	"
"	111","	微信","	20220606143122262286","	RhysL","	规格：默认，",50.00,,"	","	"
"	112","	微信","	20220606015114824928","	zhangHC","	规格：默认，",23.00,,"	","	"
"	113","	微信","	20220606015114824928","	zhangHC","	规格：默认，",23.00,,"	","	"
"	114","	微信","	20220604222949137872","	RhysL","	颜色：浅灰，",240.00,0.00,"	","	"
"	115","	微信","	20220604122318534966","	总之先找个时光机","	内存：32G，接口：2.0，",336.00,,"	","	"
"	116","	微信","	20220604092544667645","	forrui","	规格：平安喜罚",19.20,,"	","	"
"	117","	微信","	20220602121610802565","	雪舞寂静??????","	规格：默认，",30.00,10.00,"	75886206000998","	中通快递"
"	118","	微信","	20220602121610802565","	雪舞寂静??????","	规格：默认，",30.00,10.00,"	75886206000998","	中通快递"
"	119","	微信","	20220602111624614934","	潘喵Kitty王","	远望谷：未拼好，",278.00,0.00,"	75886205776204","	中通快递"
"	120","	微信","	20220602111624614934","	潘喵Kitty王","	套餐：观光塔，",278.00,0.00,"	75886205776204","	中通快递"
"	121","	微信","	20220601182106143251","	momo","	规格：默认，",5.00,,"	","	"
"	122","	微信","	20220531150457967586","	一","	规格：默认，",5.00,,"	","	"
"	123","	微信","	20220530172937532669","	总之先找个时光机","	规格：单色光，USB供电，",69.00,,"	","	"
"	124","	微信","	20220530172902841844","	总之先找个时光机","	颜色：浅灰，",72.00,,"	","	"
"	125","	微信","	20220530172814840543","	总之先找个时光机","	规格：默认，",96.00,,"	","	"
"	126","	微信","	20220530170951526519","	数学希望","	规格：默认，",48.00,,"	","	"
"	127","	微信","	20220530163911830387","	十月°如也","	颜色：黄色，数量：一个，",296.00,,"	","	"
"	128","	微信","	20220530163911830387","	十月°如也","	规格：默认，",296.00,,"	","	"
"	129","	微信","	20220530163911830387","	十月°如也","	内存：32G，接口：2.0，",296.00,,"	","	"
"	130","	微信","	20220530163713485783","	十月°如也","	规格：随机，",76.80,,"	","	"
"	131","	微信","	20220527212635357182","	总之先找个时光机","	规格：默认，",48.00,,"	","	"
"	132","	微信","	20220526171934431872","	人","	套餐：观光塔，",1390.00,,"	","	"
"	133","	微信","	20220526144737434604","	总之先找个时光机","	规格：默认，",56.00,8.00,"	","	"
"	134","	微信","	20220526143356913698","	总之先找个时光机","	套餐：观光塔，",139.00,,"	","	"
"	135","	微信","	20220526143207263579","	总之先找个时光机","	规格：默认，",720.00,,"	","	"
"	136","	微信","	20220526140821505262","	总之先找个时光机","	内存：32G，接口：2.0，",1536.00,,"	","	"
"	137","	微信","	20220525211807526517","	zhangHC","	规格：默认，",52.00,,"	","	"
"	138","	微信","	20220525211807526517","	zhangHC","	颜色：灰色，",52.00,,"	","	"
"	139","	微信","	20220525211807526517","	zhangHC","	规格：默认，",52.00,,"	","	"
"	140","	微信","	20220524204426817519","	人","	规格：默认，",90.00,,"	","	"
"	141","	微信","	20220524204406338150","	人","	套餐：观光塔，",278.00,,"	","	"
"	142","	微信","	20220524111010297436","	总之先找个时光机","	规格：默认，",400.00,,"	","	"
"	143","	微信","	20220524105735963112","	i","	规格：默认，",2950.00,,"	","	"
"	144","	微信","	20220523203326880243","	wxf","	规格：默认，",47.00,13.00,"	75887255432626","	中通快递"
"	145","	微信","	20220523203326880243","	wxf","	规格：默认，",47.00,13.00,"	75887255432626","	中通快递"
"	146","	微信","	20220519155113343922","	总之先找个时光机","	规格：默认，",100.00,,"	","	"
"	147","	微信","	20220518202521208887","	蛤","	内存：32G，接口：2.0，",48.00,,"	","	"
"	148","	微信","	20220518161032660315","	对方正在输入...","	内存：32G，接口：2.0，",132.00,,"	","	"
"	149","	微信","	20220518161032660315","	对方正在输入...","	颜色：浅灰，",132.00,,"	","	"
"	150","	微信","	20220518161032660315","	对方正在输入...","	规格：默认，",132.00,,"	","	"
"	151","	微信","	20220518145744553059","	枫油精","	规格：默认，",5.00,,"	","	"
"	152","	微信","	20220518142750912749","	GKong","	规格：单色光，USB供电，",184.00,0.00,"	","	"
"	153","	微信","	20220516172005231751","	社会主义精神小伙","	规格：默认，",15.00,,"	","	"
"	154","	微信","	20220512200722728656","	李子园","	规格：默认，",219.00,0.00,"	","	"
"	155","	微信","	20220512200722728656","	李子园","	规格：单色光，USB供电，",219.00,0.00,"	","	"
"	156","	微信","	20220512200722728656","	李子园","	规格：默认，",219.00,0.00,"	","	"
"	157","	微信","	20220512200722728656","	李子园","	规格：默认，",219.00,0.00,"	","	"
"	158","	微信","	20220512200722728656","	李子园","	规格：默认，",219.00,0.00,"	","	"
"	1","	微信","	20220512165453980765","	Lyk?","	规格：默认，",144.00,,"	","	"
"	2","	微信","	20220509155205477970","	淇奥","	规格：出T喜，",735.40,,"	","	"
"	3","	微信","	20220509155205477970","	淇奥","	规格：默认，",735.40,,"	","	"
"	4","	微信","	20220509155205477970","	淇奥","	类型：竖版（XDU），",735.40,,"	","	"
"	5","	微信","	20220509155205477970","	淇奥","	规格：默认，",735.40,,"	","	"
"	6","	微信","	20220509155205477970","	淇奥","	颜色：灰色，",735.40,,"	","	"
"	7","	微信","	20220509155205477970","	淇奥","	套餐：西电主楼，",735.40,,"	","	"
"	8","	微信","	20220506232458167914","	ZYXlaile","	规格：平安喜罚",19.20,,"	","	"
"	9","	微信","	20220505192636965020","	GKong","	规格：默认，",506.00,0.00,"	","	"
"	10","	微信","	20220505192636965020","	GKong","	规格：单色光，USB供电，",506.00,0.00,"	","	"
"	11","	微信","	20220505192636965020","	GKong","	套餐：观光塔，",506.00,0.00,"	","	"
"	12","	微信","	20220505170412934073","	HepaticojejunostomY","	颜色：黄色，数量：一个，",24.00,,"	","	"
"	13","	微信","	20220505162710861405","	HepaticojejunostomY","	仅支持自提（勿拍）：黑色（蝴蝶扣），",96.00,,"	","	"
"	14","	微信","	20220505162644776823","	HepaticojejunostomY","	规格：好事将至，",96.00,,"	","	"
"	15","	微信","	20220505162610939450","	HepaticojejunostomY","	规格：默认，",144.00,,"	","	"
"	16","	微信","	20220505162539157642","	HepaticojejunostomY","	套餐：观光塔，",417.00,,"	","	"
"	17","	微信","	20220429150518934235","	GKong","	内存：32G，接口：2.0，",56.00,8.00,"	","	"
"	18","	微信","	20220429150117309726","	GKong","	颜色：灰色，",80.00,0.00,"	","	"
"	19","	微信","	20220429150040468368","	GKong","	规格：默认，",144.00,0.00,"	","	"
"	20","	微信","	20220428170823662224","	HepaticojejunostomY","	规格：默认，",48.00,,"	","	"
"	21","	微信","	20220428162202738319","	HepaticojejunostomY","	规格：默认，",48.00,,"	","	"
"	22","	微信","	20220428160933533078","	HepaticojejunostomY","	规格：默认，",10.00,,"	","	"
"	23","	微信","	20220428160857248784","	HepaticojejunostomY","	规格：单色光，USB供电，",46.00,,"	","	"
"	24","	微信","	20220424164022459959","	蛤","	内存：32G，接口：2.0，",336.00,,"	","	"
"	25","	微信","	20220424163942768900","	蛤","	颜色：浅灰，",95.00,,"	","	"
"	26","	微信","	20220424163732834908","	蛤","	规格：默认，",56.00,,"	","	"
"	27","	微信","	20220424161519745764","	蛤","	规格：默认，",40.00,,"	","	"
"	28","	微信","	20220418164018759953","	九局下饭","	规格：默认，",20.00,,"	","	"
"	29","	微信","	20220418164018759953","	九局下饭","	型号：西电，",20.00,,"	","	"
"	30","	微信","	20220414174735184302","	总之先找个时光机","	内存：32G，接口：2.0，",144.00,,"	","	"
"	31","	微信","	20220414174706563812","	总之先找个时光机","	颜色：浅灰，",24.00,,"	","	"
"	32","	微信","	20220414174638642787","	总之先找个时光机","	规格：默认，",240.00,,"	","	"
"	33","	微信","	20220414170843761273","	总之先找个时光机","	套餐：（一套子母包15.6）），",192.00,,"	","	"
"	34","	微信","	20220414165323515237","	总之先找个时光机","	规格：默认，",180.00,,"	","	"
"	35","	微信","	20220412192435590671","	G丶K丶G^^","	颜色：灰色，",8.00,,"	","	"
"	36","	微信","	20220412152901315594","	一","	颜色：浅灰，",19.00,,"	","	"
"	37","	微信","	20220410094917120856","	黑二木","	套餐：西电主楼，",139.00,0.00,"	6986337557580367","	中通快递"
"	38","	微信","	20220409233556762286","	JOHNNIE","	套餐：观光塔，",278.00,0.00,"	6984808187580367","	中通快递"
"	39","	微信","	20220409233556762286","	JOHNNIE","	套餐：西电主楼，",278.00,0.00,"	6984808187580367","	中通快递"
"	40","	微信","	20220406145156125797","	李尚儒","	规格：单色光，USB供电，",36.00,13.00,"	75868478417117","	中通快递"
"	41","	微信","	20220402165904297881","	沫沫 李沫","	套餐：西电主楼，",139.00,0.00,"	6986677291580367","	中通快递"
"	42","	微信","	20220401113729383691","	duanyu","	套餐：西电主楼，",139.00,,"	","	"
"	43","	微信","	20220331160410600416","	c.Guoguo'","	颜色：蓝色，",160.00,,"	","	"
"	44","	微信","	20220325231827644426","	张文泰","	套餐：观光塔，",139.00,,"	","	"
"	45","	微信","	20220323233349267341","	于路","	套餐：西电主楼，",139.00,0.00,"	6838690083709358","	中通快递"
"	46","	微信","	20220213171321293725","	D。","	规格：默认，",40.00,,"	","	"
"	47","	微信","	20220213171321293725","	D。","	规格：默认，",40.00,,"	","	"
"	48","	微信","	20211219152048622911","	人","	套餐：观光塔，",278.00,,"	","	"
"	49","	微信","	20211219152016519328","	人","	规格：单色光，USB供电，",460.00,,"	","	"
"	50","	微信","	20211219151941189322","	人","	颜色：黄蓝，",88.00,,"	","	"
"	51","	微信","	20211219151911312417","	人","	书包：青蓝色，",352.00,,"	","	"
"	52","	微信","	20211212202502806881","	赵成伟","	套餐：观光塔，",139.00,,"	","	"
"	53","	微信","	20211210144924604912","	Lyk?","	内存：32G，接口：2.0，",432.00,0.00,"	","	"
"	54","	微信","	20211209084131741066","	i","	灰色-礼盒装：XDU木尚杯-灰色，",288.00,,"	","	"
"	55","	微信","	20211209084131741066","	i","	杯子：黑色-礼盒装，",288.00,,"	","	"
"	56","	微信","	20211208151516641118","	你猜","	束口包：420D，",16.00,,"	","	"
"	57","	微信","	20211208130058463483","	My Sunshine","	规格：默认，",61.00,13.00,"	75838109339797","	中通快递"
"	58","	微信","	20211203161807208495","	GKong","	颜色：黄色，数量：一个，",168.00,0.00,"	","	"
"	59","	微信","	20211202194550895584","	人间三千朝暮","	大小：小，",48.00,,"	","	"
"	60","	微信","	20211202142520552843","	Wiz.","	规格：平安喜罚",19.20,,"	","	"
"	61","	微信","	20211126155629813168","	Lyk?","	规格：默认，",56.00,8.00,"	","	"
"	62","	微信","	20211124210726276499","	.","	套餐：西电主楼，",139.00,0.00,"	","	"
"	63","	微信","	20211124202700938351","	总之先找个时光机","	内存：32G，接口：2.0，",192.00,0.00,"	","	"
"	64","	微信","	20211124202626503911","	总之先找个时光机","	套餐：西电主楼，",139.00,0.00,"	","	"
"	65","	微信","	20211124202605376219","	总之先找个时光机","	套餐：观光塔，",139.00,0.00,"	","	"
"	66","	微信","	20211124202423124990","	总之先找个时光机","	规格：出T喜，",441.60,0.00,"	","	"
"	67","	微信","	20211124202212850563","	总之先找个时光机","	颜色：黄色，数量：一个，",72.00,0.00,"	","	"
"	68","	微信","	20211124202057323898","	总之先找个时光机","	规格：默认，",192.00,0.00,"	","	"
"	69","	微信","	20211117161447672852","	Jokyee","	套餐：观光塔，",278.00,0.00,"	75832136256580","	中通快递"
"	70","	微信","	20211117161447672852","	Jokyee","	套餐：西电主楼，",278.00,0.00,"	75832136256580","	中通快递"
"	71","	微信","	20211117155702293010","	微光","	套餐：西电主楼，",139.00,,"	","	"
"	72","	微信","	20211115221410311055","	ZYJ","	规格：默认，",619.00,,"	","	"
"	73","	微信","	20211115221410311055","	ZYJ","	套餐：观光塔，",619.00,,"	","	"
"	74","	微信","	20211115221410311055","	ZYJ","	颜色：浅灰，",619.00,,"	","	"
"	75","	微信","	20211115221410311055","	ZYJ","	套餐：（一套子母包15.6）），",619.00,,"	","	"
"	76","	微信","	20211112205752342856","	杨沅霖","	规格：戒指，",39.00,,"	","	"
"	77","	微信","	20211112205510177919","	杨沅霖","	颜色：浅灰，",19.00,,"	","	"
"	78","	微信","	20211111195041803222","	Demidovich","	书包：青蓝色，",88.00,,"	","	"
"	79","	微信","	20211111124007963357","	靠谱丶 ","	内存：32G，接口：2.0，",82.99,0.00,"	75829518327766","	中通快递"
"	80","	微信","	20211111124007963357","	靠谱丶 ","	尺码：9*28*31.2，",82.99,0.00,"	75829518327766","	中通快递"
"	81","	微信","	20211110165424166933","	GKong","	灰色-礼盒装：XDU木尚杯-灰色，",96.00,,"	","	"
"	82","	微信","	20211110165424166933","	GKong","	杯子：黑色-礼盒装，",96.00,,"	","	"
"	83","	微信","	20211110162814893937","	GKong","	颜色：黄色，数量：一个，",307.00,,"	","	"
"	84","	微信","	20211110162814893937","	GKong","	杯子：黑色-礼盒装，",307.00,,"	","	"
"	85","	微信","	20211110162814893937","	GKong","	套餐：观光塔，",307.00,,"	","	"
"	86","	微信","	20211110162814893937","	GKong","	颜色：绿色，",307.00,,"	","	"
"	87","	微信","	20211110123542695856","	卫萌","	套餐：西电主楼，",139.00,0.00,"	75826410343143","	中通快递"
"	88","	微信","	20211110091055722026","	Lyk?","	规格：默认，",56.00,8.00,"	","	"
"	89","	微信","	20211107134417751201","	卫萌","	套餐：西电主楼，",139.00,0.00,"	75826410978686","	中通快递"
"	90","	微信","	20211106120415790198","	Lyk?","	小店自取（勿拍）：勿拍，",148.00,0.00,"	","	"
"	91","	微信","	20211106120415790198","	Lyk?","	束口包：420D，",148.00,0.00,"	","	"
"	92","	微信","	20211106120415790198","	Lyk?","	颜色：浅蓝，",148.00,0.00,"	","	"
"	93","	微信","	20211106120415790198","	Lyk?","	颜色：绿色，",148.00,0.00,"	","	"
"	94","	微信","	20211104100950989625","	标准美式","	规格：平安喜罚",57.60,,"	","	"
"	95","	微信","	20211103201039329786","	Academic peasant","	灰色-礼盒装：XDU木尚杯-灰色，",61.00,13.00,"	75824952775044","	中通快递"
"	96","	微信","	20211102203416227810","	杨沅霖","	内存：32G，接口：2.0，",48.00,,"	","	"
"	97","	微信","	20211101200515827444","	张童言","	颜色：绿色，",48.00,,"	","	"
"	98","	微信","	20211101184112825767","	Clair de lune","	颜色：绿色，",48.00,,"	","	"
"	99","	微信","	20211101171217316074","	李子园","	规格：默认，",400.00,0.00,"	","	"
"	100","	微信","	20211101171217316074","	李子园","	颜色：红色，",400.00,0.00,"	","	"
"	101","	微信","	20211101171217316074","	李子园","	颜色：黑色，",400.00,0.00,"	","	"
"	102","	微信","	20211101171217316074","	李子园","	颜色：绿色，",400.00,0.00,"	","	"
"	103","	微信","	20211101171217316074","	李子园","	颜色：蓝色，",400.00,0.00,"	","	"
"	104","	微信","	20211101171217316074","	李子园","	杯子：黑色-礼盒装，",400.00,0.00,"	","	"
"	105","	微信","	20211030180116507357","	Lyk?","	规格：默认，",28.00,13.00,"	","	"
"	106","	微信","	20211030165232468327","	寒星x","	规格：好事将至，",19.20,,"	","	"
"	107","	微信","	20211030155453386007","	kindness","	规格：明信片套装，",57.00,,"	","	"
"	108","	微信","	20211030155453386007","	kindness","	规格：默认，",57.00,,"	","	"
"	109","	微信","	20211030155453386007","	kindness","	颜色：灰色，",57.00,,"	","	"
"	110","	微信","	20211030155453386007","	kindness","	规格：默认，",57.00,,"	","	"
"	111","	微信","	20211030155453386007","	kindness","	颜色：白色，",57.00,,"	","	"
"	112","	微信","	20211029193023962137","	小傻子","	规格：戒指，",47.00,8.00,"	","	"
"	113","	微信","	20211028160850116123","	蛤","	规格：平安喜罚",19.20,,"	","	"
"	114","	微信","	20211027125344331762","	散石堆","	颜色：绿色，",61.00,13.00,"	75821106656666","	中通快递"
"	115","	微信","	20211026153614441740","	W Hero","	套餐：西电主楼，",139.00,0.00,"	75821107069926","	中通快递"
"	116","	微信","	20211021214838213138","	小傻子","	规格：默认，",13.00,8.00,"	","	"
"	117","	微信","	20211021214835813642","	c.Guoguo'","	杯子：黑色-礼盒装，",56.00,8.00,"	","	"
"	118","	微信","	20211021214733252192","	GKong","	规格：默认，",1.00,0.00,"	","	"
"	119","	微信","	20211021214728293210","	李子园","	规格：默认，",120.00,0.00,"	","	"
"	120","	微信","	20211021214718605127","	张文泰","	规格：默认，",1.00,0.00,"	","	"
"	121","	微信","	20211021214614991136","	回家","	规格：默认，",1.00,0.00,"	","	"
"	122","	微信","	20211021214547482355","	总之先找个时光机","	规格：默认，",1.00,0.00,"	","	"
"	123","	微信","	20211021213720545295","	张文泰","	规格：默认，",1.00,,"	","	"
"	124","	微信","	20211021213616879509","	回家","	规格：默认，",1.00,,"	","	"
"	125","	微信","	20211008152505536541","	GUN.","	规格：默认，",20.00,,"	","	"
"	126","	微信","	20211008152505536541","	GUN.","	规格：默认，",20.00,,"	","	"
"	127","	微信","	20211006072605742063","	欢乐马","	规格：默认，",59.00,11.00,"	7581469845551","	中通快递"
"	128","	微信","	20211003141208766795","	请叫我 小贱贱","	套餐：主楼+防尘罩，",159.00,0.00,"	75814700163118","	中通快递"
"	129","	微信","	20210930172837598777","	山后.","	套餐：西电主楼，",139.00,,"	","	"
"	130","	微信","	20210930152347333769","	林钟十二","	颜色：浅蓝，",5.00,,"	","	"
"	131","	微信","	20210930151924788379","	林钟十二","	规格：单色光，使用电池，",39.00,,"	","	"
"	132","	微信","	20210930151924788379","	林钟十二","	颜色：灰色，",39.00,,"	","	"
"	133","	微信","	20210930151924788379","	林钟十二","	颜色：绿色，",39.00,,"	","	"
"	134","	微信","	20210930151924788379","	林钟十二","	颜色：蓝色，",39.00,,"	","	"
"	135","	微信","	20210928200228175990","	","	颜色：绿色，",72.00,0.00,"	","	"
"	136","	微信","	20210928200228175990","	","	颜色：蓝色，",72.00,0.00,"	","	"
"	137","	微信","	20210928200228175990","	","	规格：默认，",72.00,0.00,"	","	"
"	138","	微信","	20210928200228175990","	","	颜色：蓝色，",72.00,0.00,"	","	"
"	139","	微信","	20210928200228175990","	","	颜色：橙色，",72.00,0.00,"	","	"
"	140","	微信","	20210928173528601106","	来时安","	类型：黑色版，",32.00,8.00,"	","	"
"	1","	微信","	20210928173458538630","	来时安","	颜色：灰色，",16.00,8.00,"	","	"
"	2","	微信","	20210928173421690104","	来时安","	套餐：观光塔，",139.00,0.00,"	","	"
"	3","	微信","	20210928171938654382","	神经蛙","	套餐：观光塔，",457.00,0.00,"	75814699343766","	中通快递"
"	4","	微信","	20210928171938654382","	神经蛙","	套餐：主楼+防尘罩，",457.00,0.00,"	75814699343766","	中通快递"
"	5","	微信","	20210928170024121661","	铣风","	规格：默认，",61.00,13.00,"	75814698866304","	中通快递"
"	6","	微信","	20210928150118621440","	青木","	规格：默认，",64.00,0.00,"	","	"
"	7","	微信","	20210928150056732203","	青木","	颜色：浅灰，",72.00,0.00,"	","	"
"	8","	微信","	20210928150023342935","	青木","	规格：默认，",120.00,,"	","	"
"	9","	微信","	20210928144512805798","	青木","	内存：32G，接口：2.0，",56.00,8.00,"	","	"
"	10","	微信","	20210928112452652495","	梓曦","	规格：默认，",298.00,0.00,"	","	"
"	11","	微信","	20210928112452652495","	梓曦","	规格：默认，",298.00,0.00,"	","	"
"	12","	微信","	20210928112452652495","	梓曦","	套餐：观光塔，",298.00,0.00,"	","	"
"	13","	微信","	20210928112452652495","	梓曦","	套餐：西电主楼，",298.00,0.00,"	","	"
"	14","	微信","	20210927010408461653","	Rachel","	规格：默认，",174.00,0.00,"	75814894984381","	中通快递"
"	15","	微信","	20210927010408461653","	Rachel","	套餐：主楼+防尘罩，",174.00,0.00,"	75814894984381","	中通快递"
"	16","	微信","	20210914154459529098","	鹿宥","	规格：好事将至，",68.40,,"	","	"
"	17","	微信","	20210914154459529098","	鹿宥","	规格：平安喜罚",68.40,,"	","	"
"	18","	微信","	20210914154459529098","	鹿宥","	规格：默认，",68.40,,"	","	"
"	19","	微信","	20210914154459529098","	鹿宥","	规格：默认，",68.40,,"	","	"
"	20","	微信","	20210913091706862192","	theodore","	规格：默认，",48.00,,"	","	"
"	21","	微信","	20210912002515378041","	Lyk?","	规格：默认，",250.00,0.00,"	","	"
"	22","	微信","	20210910164034203869","	lyx（幸运版","	规格：默认，",10.00,,"	","	"
"	23","	微信","	20210909111356635594","	张赞","	套餐：观光塔，",139.00,0.00,"	75814699368944","	中通快递"
"	24","	微信","	20210907182212240282","	意有所极","	套餐：西电主楼，",139.00,0.00,"	75814699049411","	中通快递"
"	25","	微信","	20210907165438446460","	Lyk?","	规格：默认，",37.00,13.00,"	","	"
"	26","	微信","	20210907164909940676","	Loren","	尺码：XL，颜色：黑色，",98.00,0.00,"	","	"
"	27","	微信","	20210907164827338935","	Loren","	规格：默认，",156.00,0.00,"	","	"
"	28","	微信","	20210907164827338935","	Loren","	颜色：黄蓝，",156.00,0.00,"	","	"
"	29","	微信","	20210907164827338935","	Loren","	规格：默认，",156.00,0.00,"	","	"
"	30","	微信","	20210907164827338935","	Loren","	颜色：灰色，",156.00,0.00,"	","	"
"	31","	微信","	20210905174549688955","	Seraph","	束口包：420D，",24.00,8.00,"	75804708657587","	中通快递"
"	32","	微信","	20210905122137285184","	Lyk?","	规格：好事将至，",99.20,0.00,"	","	"
"	33","	微信","	20210905122137285184","	Lyk?","	规格：默认，",99.20,0.00,"	","	"
"	34","	微信","	20210905122137285184","	Lyk?","	规格：默认，",99.20,0.00,"	","	"
"	35","	微信","	20210905122137285184","	Lyk?","	颜色：黄色，",99.20,0.00,"	","	"
"	36","	微信","	20210905122137285184","	Lyk?","	规格：默认，",99.20,0.00,"	","	"
"	37","	微信","	20210905122137285184","	Lyk?","	规格：默认，",99.20,0.00,"	","	"
"	38","	微信","	20210905122137285184","	Lyk?","	小店自取（勿拍）：拍下则随机发货，",99.20,0.00,"	","	"
"	39","	微信","	20210905122137285184","	Lyk?","	颜色：红色，",99.20,0.00,"	","	"
"	40","	微信","	20210903171802120741","	96","	束口包：420D，",80.00,0.00,"	","	"
"	41","	微信","	20210902205748917560","	涝","	规格：默认，",69.00,16.00,"	75804708494166","	中通快递"
"	42","	微信","	20210902205748917560","	涝","	规格：默认，",69.00,16.00,"	75804708494166","	中通快递"
"	43","	微信","	20210902205748917560","	涝","	类型：竖版（XDU），",69.00,16.00,"	75804708494166","	中通快递"
"	44","	微信","	20210726155257645429","	Chance","	规格：默认，",25.00,,"	","	"
"	45","	微信","	20210726155257645429","	Chance","	规格：默认，",25.00,,"	","	"
"	46","	微信","	20210726155257645429","	Chance","	规格：默认，",25.00,,"	","	"
"	47","	微信","	20210726081536417275","	意有所极","	套餐：观光塔，",139.00,0.00,"	75814699049411","	中通快递"
"	48","	微信","	20210720165140106990","	wjx","	颜色：浅灰，",19.00,,"	","	"
"	49","	微信","	20210720164820647903","	wjx","	规格：默认，",128.00,0.00,"	","	"
"	50","	微信","	20210720164701894438","	wjx","	规格：默认，",48.00,,"	","	"
"	51","	微信","	20210720164314784405","	wjx","	内存：32G，接口：2.0，",192.00,0.00,"	","	"
"	52","	微信","	20210716153022895527","	Mitsui","	规格：默认，",59.00,0.00,"	75488431754330","	中通快递"
"	53","	微信","	20210716153022895527","	Mitsui","	规格：默认，",59.00,0.00,"	75488431754330","	中通快递"
"	54","	微信","	20210716153022895527","	Mitsui","	规格：默认，",59.00,0.00,"	75488431754330","	中通快递"
"	55","	微信","	20210703202851102557","	秘制烤卤蛋","	套餐：观光塔，",139.00,0.00,"	75484076220108","	中通快递"
"	56","	微信","	20210703183818241984","	RPG","	束口包：420D，",27.00,11.00,"	75484076115096","	中通快递"
"	57","	微信","	20210628124220317065","	玫瑰少年","	套餐：观光塔成品，",159.00,0.00,"	75484078650011","	中通快递"
"	58","	微信","	20210625161011225469","	Ranker","	规格：默认，",53.00,13.00,"	75484076632707","	中通快递"
"	59","	微信","	20210625161011225469","	Ranker","	规格：默认，",53.00,13.00,"	75484076632707","	中通快递"
"	60","	微信","	20210624171711172299","	哔哩哔哩哒","	规格：默认，",15.00,,"	","	"
"	61","	微信","	20210623085013887070","	张美茹","	套餐：观光塔，",139.00,,"	","	"
"	62","	微信","	20210622134026491567","	404","	套餐：观光塔，",139.00,,"	","	"
"	63","	微信","	20210616170012200316","	而安","	套餐：观光塔，",139.00,,"	","	"
"	64","	微信","	20210615104941677396","	ms","	规格：默认，",37.00,13.00,"	75484077290552","	中通快递"
"	65","	微信","	20210609082515427069","	姜小新","	规格：平安喜罚",133.20,0.00,"	75475684892715","	中通快递"
"	66","	微信","	20210609082515427069","	姜小新","	规格：明信片套装，",133.20,0.00,"	75475684892715","	中通快递"
"	67","	微信","	20210609082515427069","	姜小新","	规格：默认，",133.20,0.00,"	75475684892715","	中通快递"
"	68","	微信","	20210609082515427069","	姜小新","	规格：戒指，",133.20,0.00,"	75475684892715","	中通快递"
"	69","	微信","	20210606104247341758","	请叫我 小贱贱","	规格：平安喜罚",96.00,0.00,"	","	"
"	70","	微信","	20210605100336265934","	罗伊斯争第一","	类型：竖版（XDU），",44.00,,"	","	"
"	71","	微信","	20210605100336265934","	罗伊斯争第一","	束口包：210D，",44.00,,"	","	"
"	72","	微信","	20210605100336265934","	罗伊斯争第一","	颜色：灰色，",44.00,,"	","	"
"	73","	微信","	20210603215301222661","	Rewind.","	规格：默认，",28.00,13.00,"	75475293010386","	中通快递"
"	74","	微信","	20210522175302971124","	自渡°","	规格：默认，",15.00,,"	","	"
"	75","	微信","	20210520155213548709","	风书","	规格：默认，",24.00,,"	","	"
"	76","	微信","	20210518180052893347","	Yuuzy（0_o版）","	规格：f事僖猓",77.40,,"	","	"
"	77","	微信","	20210518180052893347","	Yuuzy（0_o版）","	规格：平安喜罚",77.40,,"	","	"
"	78","	微信","	20210518180052893347","	Yuuzy（0_o版）","	规格：默认，",77.40,,"	","	"
"	79","	微信","	20210518180052893347","	Yuuzy（0_o版）","	规格：默认，",77.40,,"	","	"
"	80","	微信","	20210516225348847228","	Change","	规格：默认，",61.00,13.00,"	75484077594573","	中通快递"
"	81","	微信","	20210516185555733258","	萝卜","	规格：默认，",120.00,0.00,"	75467420136027","	中通快递"
"	82","	微信","	20210516131420552803","	豪哥正在召唤你：）","	书包：红蓝，",88.00,0.00,"	75484079286363","	中通快递"
"	83","	微信","	20210512204418442041","	Yuuzy（0_o版）","	内存：16G，接口：3.0，",48.00,,"	","	"
"	84","	微信","	20210507195327285625","	史甘甘","	规格：默认，",24.00,,"	","	"
"	85","	微信","	20210505151238389849","	dancer","	规格：默认，",12.00,,"	","	"
"	86","	微信","	20210429205800589224","	铭仔","	规格：默认，",48.00,,"	","	"
"	87","	微信","	20210428141256603209","	哔哩哔哩哒","	规格：默认，",32.00,,"	","	"
"	88","	微信","	20210428141256603209","	哔哩哔哩哒","	仅支持自提（勿拍）：黑色（蝴蝶扣），",32.00,,"	","	"
"	89","	微信","	20210419220511641793","	Comedian","	规格：默认，",168.00,,"	","	"
"	90","	微信","	20210419220511641793","	Comedian","	杯子：黑色-礼盒装，",168.00,,"	","	"
"	91","	微信","	20210419220511641793","	Comedian","	颜色：绿色，",168.00,,"	","	"
"	92","	微信","	20210415075020668204","	zephyr","	颜色：浅灰，",19.00,,"	","	"
"	93","	微信","	20210411193019554297","	Lec","	规格：默认，",24.00,,"	","	"
"	94","	微信","	20210410225915200479","	ms","	束口包：420D，",16.00,,"	","	"
"	95","	微信","	20210406161548859606","	ms","	规格：默认，",15.00,,"	","	"
"	96","	微信","	20210328135027252814","	张泽阳","	套餐：观光塔，",139.00,0.00,"	75451153119736","	中通快递"
"	97","	微信","	20210324113427465873","	Chanson","	规格：默认，",28.00,13.00,"	75452235194132","	中通快递"
"	98","	微信","	20210316200926294402","	Lazarus","	颜色：白色，",10.00,,"	","	"
"	99","	微信","	20210314173231612086","	π","	杯子：黑色-礼盒装，",96.00,0.00,"	SF1121955340208","	顺丰速运"
"	100","	微信","	20210314132047482316","	加油 努力 坚强","	规格：默认，",246.00,,"	","	"
"	101","	微信","	20210314132047482316","	加油 努力 坚强","	颜色：白色，",246.00,,"	","	"
"	102","	微信","	20210314132047482316","	加油 努力 坚强","	内存：16G，接口：3.0，",246.00,,"	","	"
"	103","	微信","	20210309183620126757","	永忘","	规格：默认，",504.00,0.00,"	","	"
"	104","	微信","	20210303212607894036","	期与","	套餐：观光塔，",139.00,0.00,"	75444782468762","	中通快递"
"	105","	微信","	20210301082947571634","	7+11","	束口包：420D，",16.00,,"	","	"
"	106","	微信","	20210110190408663557","	E舟","	规格：默认，",50.00,11.00,"	","	"
"	107","	微信","	20210110190408663557","	E舟","	仅支持自提（勿拍）：黑色（蝴蝶扣），",50.00,11.00,"	","	"
"	108","	微信","	20210110190408663557","	E舟","	规格：默认，",50.00,11.00,"	","	"
"	109","	微信","	20210110185030100121","	祖母绿这么累","	规格：好事将至，",27.20,8.00,"	75430356212806","	中通快递"
"	110","	微信","	20210110171425684337","	祖母绿这么累","	规格：f事僖猓",19.20,,"	","	"
"	111","	微信","	20210110163459581554","	祖母绿这么累","	规格：f事大吉，",27.20,8.00,"	75430356297683","	中通快递"
"	112","	微信","	20210110162911892516","	祖母绿这么累","	规格：平安喜罚",29.20,10.00,"	75430356749652","	中通快递"
"	113","	微信","	20201227114007264679","	姜小新","	规格：f事僖猓",69.60,0.00,"	","	"
"	114","	微信","	20201227114007264679","	姜小新","	规格：好事将至，",69.60,0.00,"	","	"
"	115","	微信","	20201227114007264679","	姜小新","	规格：出T喜，",69.60,0.00,"	","	"
"	116","	微信","	20201227114007264679","	姜小新","	规格：明信片套装，",69.60,0.00,"	","	"
"	117","	微信","	20201227001308199415","	天鸽","	规格：好事将至，",27.20,8.00,"	75430357129929","	中通快递"
"	118","	微信","	20201226205417310871","	whatever","	规格：平安喜罚",32.20,13.00,"	75430357207757","	中通快递"
"	119","	微信","	20201226083859617414","	Mk","	规格：默认，",164.00,0.00,"	75430354917003","	中通快递"
"	120","	微信","	20201226083859617414","	Mk","	规格：默认，",164.00,0.00,"	75430354917003","	中通快递"
"	121","	微信","	20201226083859617414","	Mk","	规格：默认，",164.00,0.00,"	75430354917003","	中通快递"
"	122","	微信","	20201226083859617414","	Mk","	套餐：观光塔，",164.00,0.00,"	75430354917003","	中通快递"
"	123","	微信","	20201210202950995660","	爱薪倔骡","	杯子：黑色-礼盒装，",56.00,8.00,"	75420546704769","	中通快递"
"	124","	微信","	20201202225426701348","	","	规格：默认，",52.00,13.00,"	7314 3636 0479 97","	中通快递"
"	125","	微信","	20201202225426701348","	","	规格：默认，",52.00,13.00,"	7314 3636 0479 97","	中通快递"
"	126","	微信","	20201202225426701348","	","	颜色：浅灰，",52.00,13.00,"	7314 3636 0479 97","	中通快递"
"	127","	微信","	20201128184430764495","	星芒","	规格：默认，",187.00,0.00,"	","	"
"	128","	微信","	20201126104145328175","	张俊豪","	规格：默认，",23.00,0.00,"	","	"
"	129","	微信","	20201123142104368971","	玢延","	套餐：观光塔，",139.00,0.00,"	","	"
"	130","	微信","	20201119152318461384","	Y.Mr","	规格：默认，",33.00,13.00,"	75414970267931","	中通快递"
"	131","	微信","	20201119152318461384","	Y.Mr","	规格：默认，",33.00,13.00,"	75414970267931","	中通快递"
"	132","	微信","	20201112210832740349","	L安","	规格：默认，",57.00,0.00,"	","	"
"	133","	微信","	20201112210832740349","	L安","	颜色：浅灰，",57.00,0.00,"	","	"
"	134","	微信","	20201107101114829115","	王琳Elina","	尺码：L，颜色：灰色，",267.00,0.00,"	75409531352649","	中通快递"
"	135","	微信","	20201107101114829115","	王琳Elina","	套餐：观光塔，",267.00,0.00,"	75409531352649","	中通快递"
"	136","	微信","	20201104130239722008","	云淡风轻","	规格：默认，",98.00,0.00,"	73141493435445","	中通快递"
"	137","	微信","	20201103092208616136","	欢乐马","	尺码：S，颜色：米色，",186.00,0.00,"	73141493590489","	中通快递"
"	138","	微信","	20201103092208616136","	欢乐马","	书包：酒红色，",186.00,0.00,"	73141493590489","	中通快递"
"	139","	微信","	20201102121229396192","	请叫我OLEG","	19款黑白：L，",59.00,0.00,"	73141338216105","	中通快递"
"	140","	微信","	20201102121201184452","	请叫我OLEG","	19蓝白款：XXXL，",59.00,0.00,"	73141338216105","	中通快递"
"	141","	微信","	20201102121130607966","	请叫我OLEG","	19款红白：M，颜色：红色，",59.00,0.00,"	73141338216105","	中通快递"
"	142","	微信","	20201028154851918856","	芥川","	规格：默认，",23.00,0.00,"	","	"
"	143","	微信","	20201028154524987614","	(??ω??)","	规格：默认，",23.00,0.00,"	","	"
"	144","	微信","	20201027125012511110","	星芒","	规格：默认，",63.00,0.00,"	","	"
"	145","	微信","	20201027125012511110","	星芒","	类型：竖版（XDU），",63.00,0.00,"	","	"
"	146","	微信","	20201027125012511110","	星芒","	束口包：420D，",63.00,0.00,"	","	"
"	147","	微信","	20201026211352374128","	柴郡大人","	套餐：观光塔，",139.00,0.00,"	75404878970974","	中通快递"
"	148","	微信","	20201026192532673572","	某只狗","	套餐：观光塔+防尘罩，",167.00,8.00,"	75404876139382","	中通快递"
"	149","	微信","	20201026192348163335","	Sephiroth","	规格：默认，",10.00,0.00,"	SF1093300556536","	顺丰速运"
"	150","	微信","	20201025234938331980","	Sephiroth","	规格：默认，",28.00,13.00,"	SF1093300556536","	顺丰速运"
"	151","	微信","	20201024001009915952","	刘昱辰","	规格：默认，",38.00,8.00,"	","	"
"	152","	微信","	20201024001009915952","	刘昱辰","	规格：默认，",38.00,8.00,"	","	"
"	153","	微信","	20201021103329164709","	こころ","	规格：默认，",69.00,0.00,"	SF1093300532190","	顺丰速运"
"	154","	微信","	20201021103329164709","	こころ","	规格：默认，",69.00,0.00,"	SF1093300532190","	顺丰速运"
"	155","	微信","	20201021103329164709","	こころ","	仅支持自提（勿拍）：黑色（磁吸），",69.00,0.00,"	SF1093300532190","	顺丰速运"
"	156","	微信","	20201021103329164709","	こころ","	颜色：灰色，",69.00,0.00,"	SF1093300532190","	顺丰速运"
"	157","	微信","	20201021103329164709","	こころ","	颜色：白色，",69.00,0.00,"	SF1093300532190","	顺丰速运"
"	158","	微信","	20201021103329164709","	こころ","	颜色：浅蓝，",69.00,0.00,"	SF1093300532190","	顺丰速运"
"	159","	微信","	20201021103329164709","	こころ","	颜色：浅灰，",69.00,0.00,"	SF1093300532190","	顺丰速运"
"	160","	微信","	20201014083445656803","	myys-","	规格：默认，",68.00,0.00,"	","	"
"	161","	微信","	20200922154459296369","	Monster","	书包：红蓝，",88.00,0.00,"	","	"
"	1","	微信","	20200916211015966155","	","	规格：默认，",28.00,8.00,"	","	"
"	2","	微信","	20200916211015966155","	","	规格：默认，",28.00,8.00,"	","	"
"	3","	微信","	20200909193205377559","	笑哈哈哈","	规格：默认，",165.00,0.00,"	SF1094458001211","	顺丰速运"
"	4","	微信","	20200826191603779322","	-f","	颜色：浅灰，",24.00,0.00,"	","	"
"	5","	微信","	20200825172205770902","	Louis","	尺码：L，颜色：粉色，",98.00,0.00,"	","	"
"	6","	微信","	20200825123855451655","	?","	规格：默认，",138.00,0.00,"	","	"
"	7","	微信","	20200825123715571377","	Louis","	薄荷绿：L，",88.00,0.00,"	","	"
"	8","	微信","	20200823010353931954","	Tsura","	规格：默认，",103.00,0.00,"	73136608484146","	中通快递"
"	9","	微信","	20200823010353931954","	Tsura","	黑色：L，",103.00,0.00,"	73136608484146","	中通快递"
"	10","	微信","	20200819120439369390","	体脂不下15不改名","	规格：默认，",15.00,0.00,"	","	"
"	11","	微信","	20200814161433183365","	昵称重要吗？","	规格：默认，",20.00,0.00,"	73136176628842","	中通快递"
"	12","	微信","	20200814161433183365","	昵称重要吗？","	规格：默认，",20.00,0.00,"	73136176628842","	中通快递"
"	13","	微信","	20200810114138516657","	Quella","	规格：默认，",50.00,10.00,"	73135966736046","	中通快递"
"	14","	微信","	20200810114138516657","	Quella","	规格：默认，",50.00,10.00,"	73135966736046","	中通快递"
"	15","	微信","	20200808161201986263","	Unc1eOrew","	规格：默认，",40.00,10.00,"	73135824458546","	中通快递"
"	16","	微信","	20200724121242331328","	DAVID","	规格：默认，",15.00,0.00,"	73134935546160","	中通快递"
"	17","	微信","	20200717164612441449","	姜小新","	规格：戒指，",117.00,0.00,"	","	"
"	18","	微信","	20200715131112325238","	Z.R.D","	薄荷绿：XL，",88.00,0.00,"	73134400688884","	中通快递"
"	19","	微信","	20200712223721752820","	peng","	黑色：XXL，",559.00,0.00,"	73134184664966","	中通快递"
"	20","	微信","	20200712223721752820","	peng","	尺码：XL，颜色：天空蓝，",559.00,0.00,"	73134184664966","	中通快递"
"	21","	微信","	20200712223721752820","	peng","	尺码：XXL，颜色：天空蓝，",559.00,0.00,"	73134184664966","	中通快递"
"	22","	微信","	20200712223721752820","	peng","	19蓝白款：XXL，",559.00,0.00,"	73134184664966","	中通快递"
"	23","	微信","	20200712223721752820","	peng","	19款红白：M，颜色：红色，",559.00,0.00,"	73134184664966","	中通快递"
"	24","	微信","	20200712223721752820","	peng","	颜色：红色，19款红白：XXXL，",559.00,0.00,"	73134184664966","	中通快递"
"	25","	微信","	20200712223721752820","	peng","	19款黑白：XXXL，",559.00,0.00,"	73134184664966","	中通快递"
"	26","	微信","	20200709095600684618","	Change","	黑色：L，",184.00,0.00,"	73134052445883","	中通快递"
"	27","	微信","	20200709095600684618","	Change","	规格：默认，",184.00,0.00,"	73134052445883","	中通快递"
"	28","	微信","	20200709095600684618","	Change","	杯子：黑色-礼盒装，",184.00,0.00,"	73134052445883","	中通快递"
"	29","	微信","	20200708161610611791","	王亚超","	规格：默认，",25.00,10.00,"	73133977449143","	中通快递"
"	30","	微信","	20200707230055681893","	lovermaker","	尺码：XXL，颜色：绿色，",98.00,0.00,"	73134062455668","	中通快递"
"	31","	微信","	20200707165012692582","	姜小新","	规格：项链，",184.00,0.00,"	","	"
"	32","	微信","	20200707165012692582","	姜小新","	规格：手链，",184.00,0.00,"	","	"
"	33","	微信","	20200705173826670486","	捏核桃","	灰色-礼盒装：XDU木尚杯-灰色，",107.00,0.00,"	73133910357742","	中通快递"
"	34","	微信","	20200705173826670486","	捏核桃","	19款黑白：L，",107.00,0.00,"	73133910357742","	中通快递"
"	35","	微信","	20200705142224456966","	冯剑波","	规格：戒指，",42.00,3.00,"	73133910301050","	中通快递"
"	36","	微信","	20200705084321328680","	有感情的屠夫","	规格：手链，",55.00,3.00,"	","	"
"	37","	微信","	20200704154959558494","	安好","	颜色：浅灰，",29.00,10.00,"	73133772447192","	中通快递"
"	38","	微信","	20200704082738524841","	去去去","	规格：默认，",25.00,10.00,"	73133977473367","	中通快递"
"	39","	微信","	20200704062603191397","	ddy交响乐","	规格：默认，",18.00,3.00,"	","	"
"	40","	微信","	20200703234314513234","	11°","	规格：默认，",20.00,10.00,"	73133725764702","	中通快递"
"	41","	微信","	20200703224947274603","	Rrrrrrec","	套餐：观光塔+防尘罩，",159.00,0.00,"	73133725764736","	中通快递"
"	42","	微信","	20200703223938714154","	源源","	规格：默认，",30.00,10.00,"	73133910430341","	中通快递"
"	43","	微信","	20200703223938714154","	源源","	规格：默认，",30.00,10.00,"	73133910430341","	中通快递"
"	44","	微信","	20200703221210232206","	AmberFantasy","	类型：横版（XDU），",144.00,0.00,"	","	"
"	45","	微信","	20200703221210232206","	AmberFantasy","	类型：横版（观光塔），",144.00,0.00,"	","	"
"	46","	微信","	20200703221210232206","	AmberFantasy","	类型：竖版（XDU），",144.00,0.00,"	","	"
"	47","	微信","	20200703221106152188","	Serendipity","	规格：默认，",36.00,10.00,"	73133725764784","	中通快递"
"	48","	微信","	20200703221106152188","	Serendipity","	仅支持小店自提：仅支持小店自提，",36.00,10.00,"	73133725764784","	中通快递"
"	49","	微信","	20200703215335547344","	SCX","	类型：横版（观光塔），",27.00,3.00,"	","	"
"	50","	微信","	20200703215028639101","	false","	规格：默认，",20.00,10.00,"	73133725764848","	中通快递"
"	51","	微信","	20200703214630483745","	未央","	规格：手链+项链+戒指，",556.00,0.00,"	","	"
"	52","	微信","	20200703213934974490","	黄海小鱼干","	规格：默认，",35.00,10.00,"	73133977455686","	中通快递"
"	53","	微信","	20200703213934974490","	黄海小鱼干","	规格：默认，",35.00,10.00,"	73133977455686","	中通快递"
"	54","	微信","	20200703213648994078","	edward","	黑色：L，",88.00,0.00,"	73133725764901","	中通快递"
"	55","	微信","	20200703213358851889","	Mitsui","	规格：默认，",31.00,3.00,"	","	"
"	56","	微信","	20200703213358851889","	Mitsui","	仅支持小店自提：仅支持小店自提，",31.00,3.00,"	","	"
"	57","	微信","	20200703213358851889","	Mitsui","	规格：默认，",31.00,3.00,"	","	"
"	58","	微信","	20200703213212381107","	彳亍","	规格：默认，",40.00,10.00,"	73133977462226","	中通快递"
"	59","	微信","	20200703204242326271","	John Doe","	规格：默认，",50.00,10.00,"	73133977467787","	中通快递"
"	60","	微信","	20200703204242326271","	John Doe","	规格：默认，",50.00,10.00,"	73133977467787","	中通快递"
"	61","	微信","	20200703203606286926","	南川  北鱼","	规格：默认，",8.00,3.00,"	73133725764876","	中通快递"
"	62","	微信","	20200703203557875543","	默，陌","	规格：默认，",13.00,3.00,"	73133725764868","	中通快递"
"	63","	微信","	20200703202715720732","	shepherd","	规格：默认，",84.00,0.00,"	73133725764680","	中通快递"
"	64","	微信","	20200703202715720732","	shepherd","	规格：默认，",84.00,0.00,"	73133725764680","	中通快递"
"	65","	微信","	20200703202715720732","	shepherd","	内存：16G，接口：3.0，",84.00,0.00,"	73133725764680","	中通快递"
"	66","	微信","	20200703202715720732","	shepherd","	颜色：浅灰，",84.00,0.00,"	73133725764680","	中通快递"
"	67","	微信","	20200703202027998122","	Hi","	规格：默认，",128.00,0.00,"	73133725764677","	中通快递"
"	68","	微信","	20200703200808859379","	lovermaker","	规格：手链+项链+戒指，",139.00,0.00,"	15109262166","	中通快递"
"	69","	微信","	20200703200309429275","	橙子要剥皮","	规格：戒指，",49.00,10.00,"	73133910591314","	中通快递"
"	70","	微信","	20200703200048321758","	cold","	规格：戒指，",49.00,10.00,"	73133910619991","	中通快递"
"	71","	微信","	20200702173229596012","	SUN","	规格：默认，",285.00,0.00,"	","	"
"	72","	微信","	20200701205119921251","	姜小新","	规格：默认，",13.00,3.00,"	","	"
"	73","	微信","	20200629153506660413","	Graham.Guo郭明哲","	套餐：观光塔，",278.00,0.00,"	73133589062826","	中通快递"
"	74","	微信","	20200629153506660413","	Graham.Guo郭明哲","	套餐：西电主楼，",278.00,0.00,"	73133589062826","	中通快递"
"	75","	微信","	20200627215736363862","	 流通！～","	套餐：观光塔，",139.00,0.00,"	73133230642896","	中通快递"
"	76","	微信","	20200627212443598634","	tccOnlyn","	套餐：观光塔+防尘罩，",159.00,0.00,"	73133230628365","	中通快递"
"	77","	微信","	20200627212316330915","	tccOnlyn","	套餐：主楼+防尘罩，",159.00,0.00,"	73133230628365","	中通快递"
"	78","	微信","	20200624010438217084","	洋","	规格：默认，",28.00,3.00,"	73133043583728","	中通快递"
"	79","	微信","	20200624002325491115","	半生余醉","	规格：项链，",66.00,0.00,"	","	"
"	80","	微信","	20200613184652336483","	天风","	规格：默认，",30.00,10.00,"	73133043578639","	中通快递"
"	81","	微信","	20200613184652336483","	天风","	规格：默认，",30.00,10.00,"	73133043578639","	中通快递"
"	82","	微信","	20200104134903880345","	-f","	发货时间：七到十五天发货，",98.00,0.00,"	73125670487500","	中通快递"
"	83","	微信","	20191229182939373256","	雨瞳","	发货时间：七到十五天发货，",98.00,0.00,"	73125325151670","	中通快递"
"	84","	微信","	20191229001747473091","	Haojie","	规格：默认，",33.00,3.00,"	73125267478031","	中通快递"
"	85","	微信","	20191226182858440981","	十一。","	内存：16G，接口：3.0，",96.00,0.00,"	","	"
"	86","	微信","	20191221164534379329","	Merlin","	规格：默认，",8.00,3.00,"	","	"
"	87","	微信","	20191220142031753230","	持恩续安","	尺码：XL，颜色：黑色，",138.00,0.00,"	73124807474133","	中通快递"
"	88","	微信","	20191216181309582652","	Azarel","	颜色：灰色，",30.00,10.00,"	73124644760492","	中通快递"
"	89","	微信","	20191216181309582652","	Azarel","	规格：默认，",30.00,10.00,"	73124644760492","	中通快递"
"	90","	微信","	20191213233352342666","	梁阿北","	规格：默认，",25.00,10.00,"	73124232179917","	中通快递"
"	91","	微信","	20191213154214917562","	木兮","	规格：默认，",97.00,0.00,"	73124438263620","	中通快递"
"	92","	微信","	20191213154214917562","	木兮","	仅支持自提（勿拍）：白色（磁吸），",97.00,0.00,"	73124438263620","	中通快递"
"	93","	微信","	20191213154214917562","	木兮","	仅支持自提（勿拍）：黑色（磁吸），",97.00,0.00,"	73124438263620","	中通快递"
"	94","	微信","	20191213154214917562","	木兮","	规格：默认，",97.00,0.00,"	73124438263620","	中通快递"
"	95","	微信","	20191213154214917562","	木兮","	颜色：浅蓝，",97.00,0.00,"	73124438263620","	中通快递"
"	96","	微信","	20191213154214917562","	木兮","	颜色：白色，",97.00,0.00,"	73124438263620","	中通快递"
"	97","	微信","	20191212153959337737","	chuan","	套餐：观光塔+防尘罩，",159.00,0.00,"	73124438249686","	中通快递"
"	98","	微信","	20191210084417629080","	天鸽","	规格：默认，",18.00,3.00,"	","	"
"	99","	微信","	20191208195326841526","	美羊羊","	套餐：观光塔+防尘罩，",159.00,0.00,"	73124232179917","	中通快递"
"	100","	微信","	20191125170029683204","	Fuslalety","	套餐：观光塔+防尘罩，",159.00,0.00,"	73123500551926","	中通快递"
"	101","	微信","	20191125163117357560","	Julian","	尺码：XL，颜色：绿色，",686.00,0.00,"	","	"
"	102","	微信","	20191125163117357560","	Julian","	尺码：XXL，颜色：黑色，",686.00,0.00,"	","	"
"	103","	微信","	20191125163117357560","	Julian","	尺码：XL，颜色：黑色，",686.00,0.00,"	","	"
"	104","	微信","	20191125163117357560","	Julian","	尺码：XL，颜色：蓝色，",686.00,0.00,"	","	"
"	105","	微信","	20191125163117357560","	Julian","	尺码：XL，颜色：红色，",686.00,0.00,"	","	"
"	106","	微信","	20191125163117357560","	Julian","	尺码：M，颜色：酒红色，",686.00,0.00,"	","	"
"	107","	微信","	20191125163117357560","	Julian","	尺码：XL，颜色：白色，",686.00,0.00,"	","	"
"	108","	微信","	20191124193535234966","	0.0","	颜色：浅灰，",46.00,3.00,"	73123500541187","	中通快递"
"	109","	微信","	20191124193535234966","	0.0","	颜色：浅灰，",46.00,3.00,"	73123500541187","	中通快递"
"	110","	微信","	20191124170947410820","	史春梅","	尺码：XXL，颜色：红色，",138.00,0.00,"	73123454032498","	中通快递"
"	111","	微信","	20191123101440362530","	暮紫L","	尺码：M，颜色：绿色，",98.00,0.00,"	73123825766696","	中通快递"
"	112","	微信","	20191121185345117431","	雨瞳","	灰色-礼盒装：XDU木尚杯-灰色，",51.00,3.00,"	","	"
"	113","	微信","	20191121171749820707","	曦哥","	尺码：XXXL，颜色：藏蓝色，",98.00,0.00,"	","	"
"	114","	微信","	20191119200746985480","	lucy","	尺码：XL，颜色：墨绿色，",276.00,0.00,"	","	"
"	115","	微信","	20191119200746985480","	lucy","	尺码：S，颜色：墨绿色，",276.00,0.00,"	","	"
"	116","	微信","	20191116171339908593","	仙台小蘑菇","	套餐：观光塔+防尘罩，",159.00,0.00,"	73123041127458","	中通快递"
"	117","	微信","	20191115204729409517","	peng","	尺码：M，颜色：雾霾蓝，",138.00,0.00,"	","	"
"	118","	微信","	20191115195941507768","	周玉驰","	尺码：XXL，颜色：灰色，",98.00,0.00,"	73123041082946","	中通快递"
"	119","	微信","	20191115165129203710","	BTS是一道光","	规格：默认，",415.00,0.00,"	","	"
"	120","	微信","	20191115165129203710","	BTS是一道光","	内存：16G，接口：3.0，",415.00,0.00,"	","	"
"	121","	微信","	20191113133511795819","	Mr.C","	颜色：灰色，",104.00,0.00,"	","	"
"	122","	微信","	20191113133511795819","	Mr.C","	颜色：白色，",104.00,0.00,"	","	"
"	123","	微信","	20191113133511795819","	Mr.C","	颜色：浅蓝，",104.00,0.00,"	","	"
"	124","	微信","	20191111232748271108","	果壳","	书包：酒红色，",88.00,0.00,"	","	"
"	125","	微信","	20191111215800275943","	spring","	尺码：L，颜色：黑色，",152.00,0.00,"	","	"
"	126","	微信","	20191111215800275943","	spring","	颜色：灰色，",152.00,0.00,"	","	"
"	127","	微信","	20191111215800275943","	spring","	颜色：浅灰，",152.00,0.00,"	","	"
"	128","	微信","	20191111204553628507","	九局下饭","	束口包：420D，",169.00,0.00,"	73122859162564","	中通快递"
"	129","	微信","	20191111204553628507","	九局下饭","	束口包：210D，",169.00,0.00,"	73122859162564","	中通快递"
"	130","	微信","	20191111204553628507","	九局下饭","	规格：默认，",169.00,0.00,"	73122859162564","	中通快递"
"	131","	微信","	20191111204553628507","	九局下饭","	规格：默认，",169.00,0.00,"	73122859162564","	中通快递"
"	132","	微信","	20191111204553628507","	九局下饭","	书包：青蓝色，",169.00,0.00,"	73122859162564","	中通快递"
"	133","	微信","	20191111174714747306","	穿裤衩的蜗牛","	套餐：主楼+防尘罩，",159.00,0.00,"	","	"
"	134","	微信","	20191111135054994580","	蔚蓝海洋","	规格：默认，",67.00,0.00,"	","	"
"	135","	微信","	20191111135054994580","	蔚蓝海洋","	颜色：浅灰，",67.00,0.00,"	","	"
"	136","	微信","	20191111130202506736","	嘉菲羊","	书包：酒红色，",176.00,0.00,"	","	"
"	137","	微信","	20191111003825700623","	小绿宅吞吞","	套餐：观光塔，",139.00,0.00,"	73122859465683","	中通快递"
"	138","	微信","	20191110182217942800","	清允","	尺码：XXL，颜色：白色，",170.00,0.00,"	","	"
"	139","	微信","	20191110182217942800","	清允","	杯子：黑色-礼盒装，",170.00,0.00,"	","	"
"	140","	微信","	20191110182217942800","	清允","	颜色：浅灰，",170.00,0.00,"	","	"
"	141","	微信","	20191109160345849972","	郝然箫音","	套餐：观光塔+防尘罩，",159.00,0.00,"	","	"
"	142","	微信","	20191109123336666222","	佳宜","	尺码：S，颜色：黑色，",237.00,0.00,"	73122639821561","	中通快递"
"	143","	微信","	20191109123336666222","	佳宜","	套餐：西电主楼，",237.00,0.00,"	73122639821561","	中通快递"
"	144","	微信","	20191109070748803325","	ωαnqiυ","	尺码：M，颜色：粉色，",98.00,0.00,"	73122806048315","	中通快递"
"	145","	微信","	20191109070619873975","	ωαnqiυ","	尺码：XL，颜色：红色，",196.00,0.00,"	73122806048315","	中通快递"
"	146","	微信","	20191109070619873975","	ωαnqiυ","	尺码：XXL，颜色：灰色，",196.00,0.00,"	73122806048315","	中通快递"
"	147","	微信","	20191108221447946738","	少吃丶水果","	尺码：XL，颜色：蓝色，",196.00,0.00,"	","	"
"	148","	微信","	20191108155434976181","	Contrail","	尺码：XXXXL，颜色：粉色，",196.00,0.00,"	73122738215128","	中通快递"
"	149","	微信","	20191108155434976181","	Contrail","	尺码：XXXL，颜色：米色，",196.00,0.00,"	73122738215128","	中通快递"
"	150","	微信","	20191107225909140272","	不出签不改名","	套餐：（一套子母包15.6）），",61.00,3.00,"	73123073550758","	中通快递"
"	151","	微信","	20191107150223875885","	心长在，思相长","	尺码：L，颜色：红色，",98.00,0.00,"	","	"
"	152","	微信","	20191106173700904426","	陈继晓","	灰色-礼盒装：XDU木尚杯-灰色，",96.00,0.00,"	73122738223099","	中通快递"
"	153","	微信","	20191106082122337376","	Lagranges Manuskripte","	尺码：XL，颜色：雾霾蓝，",196.00,0.00,"	","	"
"	154","	微信","	20191106082122337376","	Lagranges Manuskripte","	套餐：（一套子母包15.6）），",196.00,0.00,"	","	"
"	155","	微信","	20191105152829172992","	Louis","	尺码：M，颜色：墨绿色，",225.00,0.00,"	","	"
"	156","	微信","	20191105152829172992","	Louis","	规格：默认，",225.00,0.00,"	","	"
"	157","	微信","	20191105152829172992","	Louis","	颜色：浅灰，",225.00,0.00,"	","	"
"	158","	微信","	20191105152829172992","	Louis","	套餐：（一套子母包15.6）），",225.00,0.00,"	","	"
"	159","	微信","	20191104141605223534","	Merlin","	规格：默认，",207.00,0.00,"	73122190722183","	中通快递"
"	160","	微信","	20191104141605223534","	Merlin","	套餐：主楼+防尘罩，",207.00,0.00,"	73122190722183","	中通快递"
"	161","	微信","	20191104040514180721","	Contrail","	尺码：XXL，颜色：绿色，",98.00,0.00,"	73122639761328","	中通快递"
"	1","	微信","	20191104035920901757","	Contrail","	尺码：L，颜色：粉色，",98.00,0.00,"	73122639777346","	中通快递"
"	2","	微信","	20191103084943133523","	云中峰峦","	尺码：XXL，颜色：灰色，",98.00,0.00,"	73122639791708","	中通快递"
"	3","	微信","	20191102224635796107","	抽抽","	套餐：主楼+防尘罩，",159.00,0.00,"	73122190729494","	中通快递"
"	4","	微信","	20191102162208245315","	Hello猫先森","	书包：酒红色，",88.00,0.00,"	73122191304651","	中通快递"
"	5","	微信","	20191101204539571053","	熙熙haha","	套餐：观光塔+防尘罩，",159.00,0.00,"	73122191304651","	中通快递"
"	6","	微信","	20191101204448756391","	。","	颜色：黄蓝，",88.00,0.00,"	","	"
"	7","	微信","	20191101170303717331","	菠萝菠萝哒！","	规格：默认，",154.00,0.00,"	","	"
"	8","	微信","	20191101170303717331","	菠萝菠萝哒！","	规格：默认，",154.00,0.00,"	","	"
"	9","	微信","	20191101170303717331","	菠萝菠萝哒！","	颜色：浅灰，",154.00,0.00,"	","	"
"	10","	微信","	20191101170303717331","	菠萝菠萝哒！","	颜色：浅灰，",154.00,0.00,"	","	"
"	11","	微信","	20191101170303717331","	菠萝菠萝哒！","	套餐：（一套子母包15.6）），",154.00,0.00,"	","	"
"	12","	微信","	20191101124000846427","	 ??","	套餐：观光塔，",278.00,0.00,"	73122070416412","	中通快递"
"	13","	微信","	20191101124000846427","	 ??","	套餐：西电主楼，",278.00,0.00,"	73122070416412","	中通快递"
"	14","	微信","	20191101120021247646","	郭斯睿","	尺码：XXL，颜色：黑色，",152.00,0.00,"	73122859448643","	中通快递"
"	15","	微信","	20191101120021247646","	郭斯睿","	颜色：浅灰，",152.00,0.00,"	73122859448643","	中通快递"
"	16","	微信","	20191031211705530012","	张泽阳","	套餐：主楼+防尘罩，",159.00,0.00,"	73122070423494","	中通快递"
"	17","	微信","	20191031162609761250","	傅E","	颜色：蓝色，",27.00,3.00,"	73122070442790","	中通快递"
"	18","	微信","	20191031144305504365","	何哲伟","	徽章：金色+毛毡壳，",35.00,10.00,"	73122070686125","	中通快递"
"	19","	微信","	20191031142648248666","	隔壁老王","	套餐：主楼+防尘罩，",159.00,0.00,"	73122070430318","	中通快递"
"	20","	微信","	20191031113843837143","	あの人","	书包：青蓝色，",88.00,0.00,"	73122070449314","	中通快递"
"	21","	微信","	20191031085704292704","	潘喵Kitty王","	套餐：主楼+防尘罩，",159.00,0.00,"	73122070436477","	中通快递"
"	22","	微信","	20191031004758501802","	ALsuka","	颜色：浅灰，",77.00,0.00,"	","	"
"	23","	微信","	20191031004758501802","	ALsuka","	套餐：（一套子母包15.6）），",77.00,0.00,"	","	"
"	24","	微信","	20191030223420266390","	Hahn","	类型：横版，发货时间：七到十五天内发货，",27.00,3.00,"	","	"
"	25","	微信","	20191027111803295388","	小石","	套餐：西电主楼，",139.00,0.00,"	73121764718996","	中通快递"
"	26","	微信","	20191027105649395505","	赖赖赖赖赖美云","	颜色：浅蓝，",39.00,10.00,"	73121764723909","	中通快递"
"	27","	微信","	20191027105649395505","	赖赖赖赖赖美云","	颜色：红色，",39.00,10.00,"	73121764723909","	中通快递"
"	28","	微信","	20191027105649395505","	赖赖赖赖赖美云","	颜色：浅灰，",39.00,10.00,"	73121764723909","	中通快递"
"	29","	微信","	20191025233455903169","	FUN GUY.","	尺码：XL，颜色：红色，",98.00,0.00,"	","	"
"	30","	微信","	20191025230827575336","	GQY","	尺码：L，",98.00,0.00,"	","	"
"	31","	微信","	20191025221515849138","	超载猫","	尺码：XXL，",130.00,0.00,"	","	"
"	32","	微信","	20191025221515849138","	超载猫","	颜色：黑色，",130.00,0.00,"	","	"
"	33","	微信","	20191025221515849138","	超载猫","	颜色：蓝色，",130.00,0.00,"	","	"
"	34","	微信","	20191025192752431975","	徐建东","	尺码：L，",98.00,0.00,"	73121764714457","	中通快递"
"	35","	微信","	20191023101045142182","	李尚儒","	规格：默认，",51.00,3.00,"	","	"
"	36","	微信","	20191020101847368444","	-f","	套餐：观光塔，",139.00,0.00,"	","	"
"	37","	微信","	20191016145721774512","	神","	套餐：观光塔+防尘罩，",247.00,0.00,"	773009166248388","	申通快递"
"	38","	微信","	20191016145721774512","	神","	尺码：XXL，",247.00,0.00,"	773009166248388","	申通快递"
"	39","	微信","	20191016102044354225","	籽豪","	套餐：观光塔+防尘罩，",159.00,0.00,"	","	"
"	40","	微信","	20191014200818544100","	郭子博","	套餐：西电主楼，",139.00,0.00,"	191017058120536104","	中通快递"
"	41","	微信","	20191014000211577764","	Yuki","	尺码：XL，",88.00,0.00,"	191014054319235104","	中通快递"
"	42","	微信","	20191013154027914728","	茄子","	黑色：XXL，",98.00,10.00,"	191014054013897102","	中通快递"
"	43","	微信","	20191010111506220666","	Holt.T","	套餐：观光塔，",139.00,0.00,"	","	"
"	44","	微信","	20190930183226265517","	黄金时代","	薄荷绿：L，",88.00,0.00,"	","	"
"	45","	微信","	20190930164120376706","	嗯对","	套餐：观光塔+防尘罩，",331.00,0.00,"	","	"
"	46","	微信","	20190930164120376706","	嗯对","	颜色：灰色，",331.00,0.00,"	","	"
"	47","	微信","	20190930164120376706","	嗯对","	颜色：浅灰，",331.00,0.00,"	","	"
"	48","	微信","	20190930164120376706","	嗯对","	19款红白：XL，颜色：红色，",331.00,0.00,"	","	"
"	49","	微信","	20190930164120376706","	嗯对","	19款黑白：XL，",331.00,0.00,"	","	"
"	50","	微信","	20190929173251587987","	Leo Zeng","	颜色：蓝色，",27.00,3.00,"	","	"
"	51","	微信","	20190929124301895695","	Leo Zeng","	颜色：浅灰，",27.00,3.00,"	","	"
"	52","	微信","	20190928235537569343","	刘勤奋","	规格：默认，",15.00,3.00,"	","	"
"	53","	微信","	20190926191254216687","	细细","	颜色：灰色，",35.00,3.00,"	","	"
"	54","	微信","	20190926191254216687","	细细","	颜色：浅蓝，",35.00,3.00,"	","	"
"	55","	微信","	20190926191254216687","	细细","	颜色：浅灰，",35.00,3.00,"	","	"
"	56","	微信","	20190923173929725956","	好嗨哟！","	规格：默认，",224.00,0.00,"	","	"
"	57","	微信","	20190923173929725956","	好嗨哟！","	规格：默认，",224.00,0.00,"	","	"
"	58","	微信","	20190923173929725956","	好嗨哟！","	规格：默认，",224.00,0.00,"	","	"
"	59","	微信","	20190923173929725956","	好嗨哟！","	颜色：黄蓝，",224.00,0.00,"	","	"
"	60","	微信","	20190923122229147671","	右边的口袋","	规格：默认，",39.00,3.00,"	","	"
"	61","	微信","	20190917083514199009","	常筑径","	薄荷绿：M，",711.00,0.00,"	","	"
"	62","	微信","	20190917083514199009","	常筑径","	红色：M，",711.00,0.00,"	","	"
"	63","	微信","	20190917083514199009","	常筑径","	套餐：观光塔+防尘罩，",711.00,0.00,"	","	"
"	64","	微信","	20190917083514199009","	常筑径","	尺码：M，颜色：天空蓝，",711.00,0.00,"	","	"
"	65","	微信","	20190917083514199009","	常筑径","	内存：16G，接口：3.0，",711.00,0.00,"	","	"
"	66","	微信","	20190915224726584250","	","	规格：默认，",56.00,3.00,"	73119836578938","	中通快递"
"	67","	微信","	20190915224726584250","	","	规格：默认，",56.00,3.00,"	73119836578938","	中通快递"
"	68","	微信","	20190912131021816732","	卧轨的蚂蚁","	颜色：灰色，",80.00,0.00,"	","	"
"	69","	微信","	20190910111029152002","	kiddobaby","	套餐：主楼+防尘罩，",159.00,0.00,"	","	"
"	70","	微信","	20190907163923193107","	卧轨的蚂蚁","	规格：默认，",352.00,0.00,"	","	"
"	71","	微信","	20190907163923193107","	卧轨的蚂蚁","	书包：红蓝，",352.00,0.00,"	","	"
"	72","	微信","	20190907163923193107","	卧轨的蚂蚁","	颜色：灰色，",352.00,0.00,"	","	"
"	73","	微信","	20190907163923193107","	卧轨的蚂蚁","	颜色：黑色，",352.00,0.00,"	","	"
"	74","	微信","	20190907163923193107","	卧轨的蚂蚁","	颜色：黄蓝，",352.00,0.00,"	","	"
"	75","	微信","	20190907163923193107","	卧轨的蚂蚁","	颜色：绿色，",352.00,0.00,"	","	"
"	76","	微信","	20190906231430118636","	昊","	套餐：观光塔，",139.00,0.00,"	","	"
"	77","	微信","	20190817121151295872","	在水一方","	徽章：金色+毛毡壳，",64.00,0.00,"	73118175220083","	中通快递"
"	78","	微信","	20190817121151295872","	在水一方","	19蓝白款：XL，",64.00,0.00,"	73118175220083","	中通快递"
"	79","	微信","	20190815093801208383","	Stefanie","	徽章：金色+毛毡壳，",525.00,0.00,"	73118027021583","	中通快递"
"	80","	微信","	20190815093801208383","	Stefanie","	颜色：白色，",525.00,0.00,"	73118027021583","	中通快递"
"	81","	微信","	20190815093801208383","	Stefanie","	颜色：绿色，",525.00,0.00,"	73118027021583","	中通快递"
"	82","	微信","	20190815093801208383","	Stefanie","	颜色：黄色，",525.00,0.00,"	73118027021583","	中通快递"
"	83","	微信","	20190815093801208383","	Stefanie","	颜色：红色，",525.00,0.00,"	73118027021583","	中通快递"
"	84","	微信","	20190815093801208383","	Stefanie","	颜色：浅蓝，",525.00,0.00,"	73118027021583","	中通快递"
"	85","	微信","	20190801121045318891","	小橙","	套餐：观光塔，",139.00,0.00,"	73117436632137","	中通快递"
"	86","	微信","	20190731132603678256","	marc","	套餐：观光塔，",278.00,0.00,"	73117436638865","	中通快递"
"	87","	微信","	20190731132603678256","	marc","	套餐：西电主楼，",278.00,0.00,"	73117436638865","	中通快递"
"	88","	微信","	20190729224648329765","	超人哆啦哆啦","	套餐：西电主楼，",139.00,0.00,"	73117315898871","	中通快递"
"	89","	微信","	20190723101922786784","	天才乔治","	红色：L，",88.00,0.00,"	73117114956147","	中通快递"
"	90","	微信","	20190719172715734702","	肉肉旺","	银色徽章：银色徽章+毛毡壳，",1068.00,0.00,"	","	"
"	91","	微信","	20190719172715734702","	肉肉旺","	套餐：观光塔，",1068.00,0.00,"	","	"
"	92","	微信","	20190718165940660597","	一盆零度火锅","	套餐：观光塔，",139.00,0.00,"	73116629189465","	中通快递"
"	93","	微信","	20190716234433724504","	X.y.","	套餐：西电主楼，",139.00,0.00,"	","	"
"	94","	微信","	20190715162221769098","	miama","	套餐：观光塔，",278.00,0.00,"	73116452484762","	中通快递"
"	95","	微信","	20190715162221769098","	miama","	套餐：西电主楼，",278.00,0.00,"	73116452484762","	中通快递"
"	96","	微信","	20190711075106532042","	饕饕不嚼","	颜色：黄蓝，",88.00,0.00,"	","	"
"	97","	微信","	20190710162330748530","	王玉平","	徽章：金色+毛毡壳，",153.00,0.00,"	73116316559636","	中通快递"
"	98","	微信","	20190710162330748530","	王玉平","	杯子：黑色-礼盒装，",153.00,0.00,"	73116316559636","	中通快递"
"	99","	微信","	20190710162330748530","	王玉平","	书包：酒红色，",153.00,0.00,"	73116316559636","	中通快递"
"	100","	微信","	20190710162330748530","	王玉平","	规格：默认，",153.00,0.00,"	73116316559636","	中通快递"
"	101","	微信","	20190709211554972419","	帆子","	套餐：主楼+防尘罩，",159.00,0.00,"	046954534319","	顺丰速运"
"	102","	微信","	20190709145117920454","	天天天蓝","	套餐：西电主楼，",278.00,0.00,"	","	"
"	103","	微信","	20190708110723706940","	王者","	套餐：观光塔，",139.00,0.00,"	73116316552996","	中通快递"
"	104","	微信","	20190707153542465370","	【zhāng】","	规格：默认，",39.00,3.00,"	","	"
"	105","	微信","	20190706041151430308","	QiY","	小熊：2019毕业小熊【限定版】，",60.00,0.00,"	73116316546068","	中通快递"
"	106","	微信","	20190706041151430308","	QiY","	徽章：黑金银三色套装+毛毡壳，",60.00,0.00,"	73116316546068","	中通快递"
"	107","	微信","	20190703140156336743","	一盆零度火锅","	套餐：观光塔，",139.00,0.00,"	73116316648377","	中通快递"
"	108","	微信","	20190630202554136865","	bala0toh","	19款红白：M，颜色：红色，",531.00,0.00,"	","	"
"	109","	微信","	20190630202554136865","	bala0toh","	19款红白：S，颜色：红色，",531.00,0.00,"	","	"
"	110","	微信","	20190630202554136865","	bala0toh","	19款红白：XL，颜色：红色，",531.00,0.00,"	","	"
"	111","	微信","	20190630202554136865","	bala0toh","	19款红白：XXL，颜色：红色，",531.00,0.00,"	","	"
"	112","	微信","	20190630202554136865","	bala0toh","	19款黑白：XL，",531.00,0.00,"	","	"
"	113","	微信","	20190627215619695976","	lyz泽","	套餐：西电主楼，",139.00,0.00,"	","	"
"	114","	微信","	20190626140728648563","	dòuěr","	黄色：M，",88.00,0.00,"	","	"
"	115","	微信","	20190626134523855947","	dòuěr","	规格：默认，",212.00,0.00,"	","	"
"	116","	微信","	20190626134523855947","	dòuěr","	书包：酒红色，",212.00,0.00,"	","	"
"	117","	微信","	20190626134523855947","	dòuěr","	尺码：M，",212.00,0.00,"	","	"
"	118","	微信","	20190626002936991785","	冯子成","	套餐：西电主楼，",139.00,0.00,"	73115532174946","	中通快递"
"	119","	微信","	20190625000024215290","	-Lina-","	规格：默认，",239.00,0.00,"	73115588208622","	中通快递"
"	120","	微信","	20190625000024215290","	-Lina-","	杯子：黑色-礼盒装，",239.00,0.00,"	73115588208622","	中通快递"
"	121","	微信","	20190625000024215290","	-Lina-","	颜色：浅灰，",239.00,0.00,"	73115588208622","	中通快递"
"	122","	微信","	20190625000024215290","	-Lina-","	19蓝白款：L，",239.00,0.00,"	73115588208622","	中通快递"
"	123","	微信","	20190622182242927376","	仰望星空","	徽章：金色+毛毡壳，",8.00,3.00,"	73115532195501","	中通快递"
"	124","	微信","	20190622003141593646","	寝梁居奕","	徽章：黑金银三色套组+毛毡壳，",15.01,3.00,"	","	"
"	125","	微信","	20190621202404986885","	王卓","	小熊：2019毕业小熊【典藏版】，",51.00,3.00,"	73115333451528","	中通快递"
"	126","	微信","	20190621175027559889","	深眸","	19蓝白款：XL，",59.00,0.00,"	","	"
"	127","	微信","	20190621163529523852","	空之倩影","	套餐：主楼+防尘罩，",159.00,0.00,"	73115331765956","	中通快递"
"	128","	微信","	20190621163310569154","	高彩晋","	书包：酒红色，",88.00,0.00,"	","	"
"	129","	微信","	20190621163004840598","	北诺南兮","	颜色：浅蓝，",117.00,0.00,"	73115331783479","	中通快递"
"	130","	微信","	20190621163004840598","	北诺南兮","	颜色：黄色，",117.00,0.00,"	73115331783479","	中通快递"
"	131","	微信","	20190621163004840598","	北诺南兮","	颜色：黄蓝，",117.00,0.00,"	73115331783479","	中通快递"
"	132","	微信","	20190621163004840598","	北诺南兮","	颜色：浅灰，",117.00,0.00,"	73115331783479","	中通快递"
"	133","	微信","	20190621151251205567","	丑小鸭","	19款红白：XXL，颜色：红色，",354.00,0.00,"	73115333425633","	中通快递"
"	134","	微信","	20190621151251205567","	丑小鸭","	19款红白：L，颜色：红色，",354.00,0.00,"	73115333425633","	中通快递"
"	135","	微信","	20190621151251205567","	丑小鸭","	19款红白：S，颜色：红色，",354.00,0.00,"	73115333425633","	中通快递"
"	136","	微信","	20190621115513936588","	北诺南兮","	小熊：2019毕业小熊【限定版】，",132.00,0.00,"	73115331775684","	中通快递"
"	137","	微信","	20190621115513936588","	北诺南兮","	规格：默认，",132.00,0.00,"	73115331775684","	中通快递"
"	138","	微信","	20190621115513936588","	北诺南兮","	杯子：黑色-礼盒装，",132.00,0.00,"	73115331775684","	中通快递"
"	139","	微信","	20190620232106119020","	柠檬小黄瓜","	套餐：（一套子母包14）），",61.00,3.00,"	","	"
"	140","	微信","	20190620213438101661","	伟哥","	小熊：2019毕业小熊【限定版】，",267.00,0.00,"	73115532205980","	中通快递"
"	141","	微信","	20190620213438101661","	伟哥","	徽章：黑金银三色套装+毛毡壳，",267.00,0.00,"	73115532205980","	中通快递"
"	142","	微信","	20190620213438101661","	伟哥","	颜色：绿色，",267.00,0.00,"	73115532205980","	中通快递"
"	143","	微信","	20190620213438101661","	伟哥","	套餐：主楼+防尘罩，",267.00,0.00,"	73115532205980","	中通快递"
"	144","	微信","	20190620202522879195","	一盆零度火锅","	徽章：黑金银三色套装+毛毡壳，",476.01,0.00,"	73116316648377","	中通快递"
"	145","	微信","	20190620202522879195","	一盆零度火锅","	银色徽章：黑金银三色套组+毛毡壳，",476.01,0.00,"	73116316648377","	中通快递"
"	146","	微信","	20190620202522879195","	一盆零度火锅","	徽章：黑金银三色套组+毛毡壳，",476.01,0.00,"	73116316648377","	中通快递"
"	147","	微信","	20190620202522879195","	一盆零度火锅","	书包：红蓝，",476.01,0.00,"	73116316648377","	中通快递"
"	148","	微信","	20190620202522879195","	一盆零度火锅","	规格：默认，",476.01,0.00,"	73116316648377","	中通快递"
"	149","	微信","	20190620202522879195","	一盆零度火锅","	颜色：浅蓝，",476.01,0.00,"	73116316648377","	中通快递"
"	150","	微信","	20190620202522879195","	一盆零度火锅","	颜色：白色，",476.01,0.00,"	73116316648377","	中通快递"
"	151","	微信","	20190620202522879195","	一盆零度火锅","	颜色：红色，",476.01,0.00,"	73116316648377","	中通快递"
"	152","	微信","	20190620202522879195","	一盆零度火锅","	颜色：浅灰，",476.01,0.00,"	73116316648377","	中通快递"
"	153","	微信","	20190620202522879195","	一盆零度火锅","	尺码：XXL，",476.01,0.00,"	73116316648377","	中通快递"
"	154","	微信","	20190620202522879195","	一盆零度火锅","	19蓝白款：XXXL，",476.01,0.00,"	73116316648377","	中通快递"
"	155","	微信","	20190620202522879195","	一盆零度火锅","	套餐：主楼+防尘罩，",476.01,0.00,"	73116316648377","	中通快递"
"	156","	微信","	20190620201854103187","	StellaOs","	小熊：2019毕业小熊【典藏版】，",58.00,10.00,"	73115333434822","	中通快递"
"	157","	微信","	20190620201759116302","	QiY","	小熊：2019毕业小熊【典藏版】，",207.00,0.00,"	73115331791496","	中通快递"
"	158","	微信","	20190620201759116302","	QiY","	套餐：主楼+防尘罩，",207.00,0.00,"	73115331791496","	中通快递"
"	159","	微信","	20190620190617715354","	贾  ","	套餐：主楼+防尘罩，",159.00,0.00,"	73115333443376","	中通快递"
"	160","	微信","	20190620160534430496","	Gavin","	银色徽章：黑金银三色套组+毛毡壳，",15.00,3.00,"	","	"
"	161","	微信","	20190620121205392293","	KaelThas Infi","	19蓝白款：XL，",59.00,0.00,"	","	"
"	162","	微信","	20190619212501419924","	贾  ","	规格：默认，",46.00,10.00,"	73115226958836","	顺丰速运"
"	163","	微信","	20190619163401828191","	Gavin","	套餐：（一套子母包15.6）），",61.00,3.00,"	","	"
"	164","	微信","	20190619163213573961","	Gavin","	小熊：2019毕业小熊【典藏版】，",51.00,3.00,"	","	"
"	165","	微信","	20190619135658450097","	wanger","	规格：默认，",720.00,0.00,"	","	"
"	166","	微信","	20190619101758715742","	水孕冰","	规格：默认，",51.00,3.00,"	","	"
"	167","	微信","	20190618145524299774","	翰卿","	规格：默认，",39.00,3.00,"	","	"
"	168","	微信","	20190618133027199749","	小羊咩咩","	徽章：黑金银三色套装+毛毡壳，",60.00,0.00,"	","	"
"	169","	微信","	20190618133027199749","	小羊咩咩","	内存：16G，接口：3.0，",60.00,0.00,"	","	"
"	170","	微信","	20190618103143591199","	飞翔","	徽章：黑金银三色套组+毛毡壳，",15.01,3.00,"	","	"
"	171","	微信","	20190617114329117220","	尹振龙","	小熊：2019毕业小熊【典藏版】，",51.00,3.00,"	","	"
"	172","	微信","	20190616180532442422","	blingbling ","	小熊：2019毕业小熊【典藏版】，",51.00,3.00,"	","	"
"	173","	微信","	20190616133503227152","	请叫我 小贱贱","	小熊：2019毕业小熊【典藏版】，",58.00,10.00,"	73115053197029","	中通快递"
"	174","	微信","	20190616132051294632","	静候","	套餐：西电主楼，",139.00,0.00,"	","	"
"	175","	微信","	20190616182723570602","	","	小熊：2019毕业小熊【典藏版】，",336.00,0.00,"	","	"
"	176","	微信","	20190616182723570602","	","	小熊：2019毕业小熊【限定版】，",336.00,0.00,"	","	"
"	177","	微信","	20190616182723570602","	","	规格：默认，",336.00,0.00,"	","	"
"	178","	微信","	20190616182723570602","	","	杯子：黑色-礼盒装，",336.00,0.00,"	","	"
"	179","	微信","	20190616182723570602","	","	内存：16G，接口：3.0，",336.00,0.00,"	","	"
"	180","	微信","	20190615153754596653","	朝烟","	小熊：2019毕业小熊【典藏版】，",58.00,10.00,"	73115053241691","	中通快递"
"	1","	微信","	20190615140856614609","	水孕冰","	小熊：2019毕业小熊【典藏版】，",51.00,3.00,"	","	"
"	2","	微信","	20190615130027773968","	illusion","	薄荷绿：M，",352.00,0.00,"	","	"
"	3","	微信","	20190615130027773968","	illusion","	黄色：M，",352.00,0.00,"	","	"
"	4","	微信","	20190615130027773968","	illusion","	红色：L，",352.00,0.00,"	","	"
"	5","	微信","	20190615130027773968","	illusion","	红色：XL，",352.00,0.00,"	","	"
"	6","	微信","	20190615120124573736","	多学习少瞎想","	小熊：2019毕业小熊【典藏版】，",96.00,0.00,"	","	"
"	7","	微信","	20190615120124573736","	多学习少瞎想","	小熊：2019毕业小熊【限定版】，",96.00,0.00,"	","	"
"	8","	微信","	20190615120103193899","	孙天祥","	小熊：2019毕业小熊【典藏版】，",51.00,3.00,"	","	"
"	9","	微信","	20190615115948471208","	王敏锐","	小熊：2019毕业小熊【典藏版】，",115.00,0.00,"	","	"
"	10","	微信","	20190615115948471208","	王敏锐","	小熊：2019毕业小熊【限定版】，",115.00,0.00,"	","	"
"	11","	微信","	20190615115948471208","	王敏锐","	颜色：黑色，",115.00,0.00,"	","	"
"	12","	微信","	20190614225943129603","	孙天祥","	尺码：XXL，颜色：天空蓝，",107.00,0.00,"	","	"
"	13","	微信","	20190614225943129603","	孙天祥","	颜色：黑色，",107.00,0.00,"	","	"
"	14","	微信","	20190614123056541458","	请叫我 小贱贱","	小熊：2019毕业小熊【限定版】，",192.00,0.00,"	","	"
"	15","	微信","	20190614084750320037","	小橙","	书包：青蓝色，",315.00,0.00,"	","	"
"	16","	微信","	20190614084750320037","	小橙","	颜色：黄蓝，",315.00,0.00,"	","	"
"	17","	微信","	20190614084750320037","	小橙","	套餐：西电主楼，",315.00,0.00,"	","	"
"	18","	微信","	20190609222705983533","	小鱼儿","	红色：L，",88.00,0.00,"	73114810068866","	中通快递"
"	19","	微信","	20190608003939862946","	李静荷","	书包：酒红色，",88.00,0.00,"	73114617875181","	中通快递"
"	20","	微信","	20190606174455556064","	wanger","	规格：默认，",504.00,0.00,"	","	"
"	21","	微信","	20190604125827742978","	wanger","	规格：默认，",1080.00,0.00,"	","	"
"	22","	微信","	20190602225221317106","	请叫我 小贱贱","	徽章：黑色+毛毡壳，",220.00,0.00,"	","	"
"	23","	微信","	20190602225221317106","	请叫我 小贱贱","	颜色：白色，",220.00,0.00,"	","	"
"	24","	微信","	20190602225221317106","	请叫我 小贱贱","	颜色：绿色，",220.00,0.00,"	","	"
"	25","	微信","	20190530172136565451","	陈敬谊JimChan","	19蓝白款：XL，",59.00,0.00,"	73114197602182","	中通快递"
"	26","	微信","	20190529142425334390","	星尘","	红色：M，",88.00,0.00,"	","	"
"	27","	微信","	20190529142335705515","	星尘","	红色：L，",88.00,0.00,"	","	"
"	28","	微信","	20190526095417383096","	比比比巴卜","	黑色：M，",88.00,0.00,"	","	"
"	29","	微信","	20190524135355679261","	A=皿=A","	书包：酒红色，",147.00,0.00,"	73113961551403","	中通快递"
"	30","	微信","	20190524135355679261","	A=皿=A","	颜色：红色，19款红白：XXXL，",147.00,0.00,"	73113961551403","	中通快递"
"	31","	微信","	20190524094323444143","	饕饕不嚼","	19蓝白款：M，",354.00,0.00,"	","	"
"	32","	微信","	20190524094323444143","	饕饕不嚼","	19蓝白款：XL，",354.00,0.00,"	","	"
"	33","	微信","	20190524094323444143","	饕饕不嚼","	19蓝白款：XXL，",354.00,0.00,"	","	"
"	34","	微信","	20190524094323444143","	饕饕不嚼","	颜色：红色，19款红白：XXXL，",354.00,0.00,"	","	"
"	35","	微信","	20190524094323444143","	饕饕不嚼","	19款红白：XL，颜色：红色，",354.00,0.00,"	","	"
"	36","	微信","	20190524094323444143","	饕饕不嚼","	19款黑白：L，",354.00,0.00,"	","	"
"	37","	微信","	20190522154208446565","	郑晓梅","	颜色：黄蓝，",88.00,0.00,"	73113812902102","	中通快递"
"	38","	微信","	20190521113417108334","	小衣","	黄色：L，",88.00,0.00,"	","	"
"	39","	微信","	20190520173403356159","	侯子豪","	规格：默认，",129.00,0.00,"	73113698916431","	中通快递"
"	40","	微信","	20190520173403356159","	侯子豪","	套餐：（一套子母包15.6）），",129.00,0.00,"	73113698916431","	中通快递"
"	41","	微信","	20190520173403356159","	侯子豪","	19蓝白款：XXL，",129.00,0.00,"	73113698916431","	中通快递"
"	42","	微信","	20190520151707233654","	-Lina-","	薄荷绿：M，",280.00,0.00,"	","	"
"	43","	微信","	20190520151707233654","	-Lina-","	书包：红蓝，",280.00,0.00,"	","	"
"	44","	微信","	20190520151707233654","	-Lina-","	颜色：黑色，",280.00,0.00,"	","	"
"	45","	微信","	20190520151707233654","	-Lina-","	颜色：绿色，",280.00,0.00,"	","	"
"	46","	微信","	20190520142828734812","	Shan","	红色：S，",88.00,0.00,"	","	"
"	47","	微信","	20190516220420374947","	请叫我 小贱贱","	规格：默认，",202.00,0.00,"	","	"
"	48","	微信","	20190516220420374947","	请叫我 小贱贱","	颜色：绿色，",202.00,0.00,"	","	"
"	49","	微信","	20190516220420374947","	请叫我 小贱贱","	套餐：（一套子母包15.6）），",202.00,0.00,"	","	"
"	50","	微信","	20190516183902926975","	( ????? )","	规格：默认，",1260.00,0.00,"	","	"
"	51","	微信","	20190516175953731916","	光照","	杯子：黑色-礼盒装，",187.00,0.00,"	","	"
"	52","	微信","	20190516175953731916","	光照","	套餐：西电主楼，",187.00,0.00,"	","	"
"	53","	微信","	20190516174834705753","	行","	19款黑白：XL，",59.00,0.00,"	","	"
"	54","	微信","	20190515192857898628","	请叫我 小贱贱","	套餐：西电主楼，",139.00,0.00,"	73113413206449","	中通快递"
"	55","	微信","	20190512000413395269","	miama","	套餐：西电主楼，",139.00,0.00,"	73113443495503","	中通快递"
"	56","	微信","	20190506123342657641","	饕饕不嚼","	套餐：西电主楼，",278.00,0.00,"	","	"
"	57","	微信","	20190504164718557081","	-f","	套餐：主楼+防尘罩，",159.99,0.00,"	","	"
"	58","	微信","	20190504094655291270","	慧奇宝宝","	尺码：M，颜色：活力黄，",124.00,0.00,"	","	"
"	59","	微信","	20190504094655291270","	慧奇宝宝","	尺码：XXL，颜色：雅典红，",124.00,0.00,"	","	"
"	60","	微信","	20190504001221840234","	Zlatan.","	尺码：S，颜色：活力黄，",62.00,0.00,"	","	"
"	61","	微信","	20190504000549219903","	leon","	颜色：白色，",5.00,0.00,"	","	顺丰速运"
